--
-- PostgreSQL database dump
--

\restrict rp8yuMhCbfZiIXH0XcVCbkwLzncZ5KYWLyhvuL18DdnPbFSfNHL3eZrUbWPuFq9

-- Dumped from database version 17.6
-- Dumped by pg_dump version 17.9 (Ubuntu 17.9-1.pgdg22.04+1)

SET statement_timeout = 0;
SET lock_timeout = 0;
SET idle_in_transaction_session_timeout = 0;
SET transaction_timeout = 0;
SET client_encoding = 'UTF8';
SET standard_conforming_strings = on;
SELECT pg_catalog.set_config('search_path', '', false);
SET check_function_bodies = false;
SET xmloption = content;
SET client_min_messages = warning;
SET row_security = off;

--
-- Name: public; Type: SCHEMA; Schema: -; Owner: -
--

CREATE SCHEMA public;


--
-- Name: SCHEMA public; Type: COMMENT; Schema: -; Owner: -
--

COMMENT ON SCHEMA public IS 'standard public schema';


--
-- Name: set_unlocked_date(); Type: FUNCTION; Schema: public; Owner: -
--

CREATE FUNCTION public.set_unlocked_date() RETURNS trigger
    LANGUAGE plpgsql
    AS $$BEGIN

    IF TG_OP = 'UPDATE' THEN
        IF NEW.unlocked = TRUE AND OLD.unlocked = FALSE THEN
            NEW.date_unlocked := NOW(); 
        END IF;
    END IF;


    IF TG_OP = 'INSERT' AND NEW.unlocked = TRUE THEN
        NEW.date_unlocked := NOW(); 
    END IF;

    RETURN NEW;
END;$$;


SET default_tablespace = '';

SET default_table_access_method = heap;

--
-- Name: achievements; Type: TABLE; Schema: public; Owner: -
--

CREATE TABLE public.achievements (
    id integer NOT NULL,
    name character varying(255) NOT NULL,
    description text,
    goal integer
);


--
-- Name: achievements_id_seq; Type: SEQUENCE; Schema: public; Owner: -
--

CREATE SEQUENCE public.achievements_id_seq
    AS integer
    START WITH 1
    INCREMENT BY 1
    NO MINVALUE
    NO MAXVALUE
    CACHE 1;


--
-- Name: achievements_id_seq; Type: SEQUENCE OWNED BY; Schema: public; Owner: -
--

ALTER SEQUENCE public.achievements_id_seq OWNED BY public.achievements.id;


--
-- Name: game_sessions; Type: TABLE; Schema: public; Owner: -
--

CREATE TABLE public.game_sessions (
    id integer NOT NULL,
    user_id integer,
    level_id integer,
    completed boolean DEFAULT false,
    time_played integer,
    score integer,
    date timestamp without time zone DEFAULT now()
);


--
-- Name: game_sessions_id_seq; Type: SEQUENCE; Schema: public; Owner: -
--

CREATE SEQUENCE public.game_sessions_id_seq
    AS integer
    START WITH 1
    INCREMENT BY 1
    NO MINVALUE
    NO MAXVALUE
    CACHE 1;


--
-- Name: game_sessions_id_seq; Type: SEQUENCE OWNED BY; Schema: public; Owner: -
--

ALTER SEQUENCE public.game_sessions_id_seq OWNED BY public.game_sessions.id;


--
-- Name: groups; Type: TABLE; Schema: public; Owner: -
--

CREATE TABLE public.groups (
    id integer NOT NULL,
    name character varying NOT NULL,
    teacher_id integer NOT NULL
);


--
-- Name: groups_id_seq; Type: SEQUENCE; Schema: public; Owner: -
--

ALTER TABLE public.groups ALTER COLUMN id ADD GENERATED BY DEFAULT AS IDENTITY (
    SEQUENCE NAME public.groups_id_seq
    START WITH 1
    INCREMENT BY 1
    NO MINVALUE
    NO MAXVALUE
    CACHE 1
);


--
-- Name: levels; Type: TABLE; Schema: public; Owner: -
--

CREATE TABLE public.levels (
    id integer NOT NULL,
    level_num integer NOT NULL,
    difficulty character varying(50),
    configuration jsonb,
    description text,
    target_sum integer
);


--
-- Name: COLUMN levels.target_sum; Type: COMMENT; Schema: public; Owner: -
--

COMMENT ON COLUMN public.levels.target_sum IS 'suma por cada geometria';


--
-- Name: levels_id_seq; Type: SEQUENCE; Schema: public; Owner: -
--

CREATE SEQUENCE public.levels_id_seq
    AS integer
    START WITH 1
    INCREMENT BY 1
    NO MINVALUE
    NO MAXVALUE
    CACHE 1;


--
-- Name: levels_id_seq; Type: SEQUENCE OWNED BY; Schema: public; Owner: -
--

ALTER SEQUENCE public.levels_id_seq OWNED BY public.levels.id;


--
-- Name: user_achievements; Type: TABLE; Schema: public; Owner: -
--

CREATE TABLE public.user_achievements (
    user_id integer NOT NULL,
    achievement_id integer NOT NULL,
    unlocked boolean DEFAULT false,
    date_unlocked timestamp without time zone,
    current integer
);


--
-- Name: users; Type: TABLE; Schema: public; Owner: -
--

CREATE TABLE public.users (
    id integer NOT NULL,
    username character varying(100) NOT NULL,
    mail character varying(255) NOT NULL,
    password character varying(255) NOT NULL,
    rol character varying(50),
    "group" integer
);


--
-- Name: users_id_seq; Type: SEQUENCE; Schema: public; Owner: -
--

CREATE SEQUENCE public.users_id_seq
    AS integer
    START WITH 1
    INCREMENT BY 1
    NO MINVALUE
    NO MAXVALUE
    CACHE 1;


--
-- Name: users_id_seq; Type: SEQUENCE OWNED BY; Schema: public; Owner: -
--

ALTER SEQUENCE public.users_id_seq OWNED BY public.users.id;


--
-- Name: achievements id; Type: DEFAULT; Schema: public; Owner: -
--

ALTER TABLE ONLY public.achievements ALTER COLUMN id SET DEFAULT nextval('public.achievements_id_seq'::regclass);


--
-- Name: game_sessions id; Type: DEFAULT; Schema: public; Owner: -
--

ALTER TABLE ONLY public.game_sessions ALTER COLUMN id SET DEFAULT nextval('public.game_sessions_id_seq'::regclass);


--
-- Name: levels id; Type: DEFAULT; Schema: public; Owner: -
--

ALTER TABLE ONLY public.levels ALTER COLUMN id SET DEFAULT nextval('public.levels_id_seq'::regclass);


--
-- Name: users id; Type: DEFAULT; Schema: public; Owner: -
--

ALTER TABLE ONLY public.users ALTER COLUMN id SET DEFAULT nextval('public.users_id_seq'::regclass);


--
-- Data for Name: achievements; Type: TABLE DATA; Schema: public; Owner: -
--

COPY public.achievements (id, name, description, goal) FROM stdin;
7	Live Ach	Desc	10
8	Live Ach	Desc	10
9	Test Ach	Desc	10
10	Test Ach	Desc	10
11	Live Ach	Desc	10
12	Live Ach	Desc	10
13	Test Ach	Desc	10
14	Ach Final	Desc	100
15	Primera Sangre	Completar tu primer nivel	1
16	Racha de Bronce	Completar 5 niveles consecutivos	5
17	Cerebro de Oro	Obtener más de 1000 puntos de score	1000
18	Velocista	Terminar un nivel en menos de 60 segundos	60
19	Perfeccionista	Terminar un nivel sin equivocaciones	1
20	Primera Sangre	Completar tu primer nivel	1
21	Racha de Bronce	Completar 5 niveles consecutivos	5
22	Cerebro de Oro	Obtener más de 1000 puntos de score	1000
23	Velocista	Terminar un nivel en menos de 60 segundos	60
24	Perfeccionista	Terminar un nivel sin equivocaciones	1
25	Primera Sangre	Completar tu primer nivel	1
26	Racha de Bronce	Completar 5 niveles consecutivos	5
27	Cerebro de Oro	Obtener más de 1000 puntos de score	1000
28	Velocista	Terminar un nivel en menos de 60 segundos	60
29	Perfeccionista	Terminar un nivel sin equivocaciones	1
30	Primera Sangre 2	Completar tu primer nivel	1
31	Racha de Bronce 2	Completar 5 niveles consecutivos	5
32	Cerebro de Oro 2	Obtener más de 1000 puntos de score	1000
33	Velocista 2	Terminar un nivel en menos de 60 segundos	60
34	Perfeccionista 2	Terminar un nivel sin equivocaciones	1
35	First Win	Win your first game	1
36	Velocista	Completa el nivel en menos de 1 min	60
41	Add your name in the body	\N	\N
42	Add your name in the body	\N	\N
1	Primer Memoreto	Se desbloquea al completar cualquier memoreto por primera vez.	1
2	Velocista	Se desbloquea al completar un memoreto en menos de 30 segundos	1
3	Explorador de Memoretos	Se desbloquea al completar 3 memoretos distintos.	3
4	Arranque preciso 	Terminaste todos los memoretos con dificultad fácil	7
5	Mente Persistente	Terminaste todos los memoretos con dificultad media	6
6	Memoretista	Completaste todos los memoretos disponibles	21
\.


--
-- Data for Name: game_sessions; Type: TABLE DATA; Schema: public; Owner: -
--

COPY public.game_sessions (id, user_id, level_id, completed, time_played, score, date) FROM stdin;
15	50	6	t	75	565	2026-04-04 16:39:00
16	49	5	t	88	276	2026-04-01 14:59:00
17	23	12	t	104	1088	2026-04-06 10:44:00
18	22	12	t	172	961	2026-04-05 18:55:00
19	25	14	t	64	277	2026-04-02 12:02:00
23	22	14	t	236	1228	2026-04-05 10:11:00
24	47	9	f	52	265	2026-04-04 15:57:00
25	23	9	t	274	960	2026-04-02 10:49:00
26	50	12	t	267	655	2026-04-02 17:15:00
27	47	9	t	214	1140	2026-04-04 13:37:00
11	19	14	t	120	500	2026-04-06 17:00:00
38	19	14	t	120	500	2026-04-06 17:00:00
39	19	14	f	120	600	2026-04-22 17:00:00
40	19	17	t	30	100	2026-04-13 10:22:10
50	80	1	t	16	224	2026-04-26 14:51:34
51	80	11	t	23	385	2026-04-26 15:23:42
52	80	11	t	17	415	2026-04-26 17:26:56
53	80	1	t	22	390	2026-04-26 18:30:01
54	80	1	t	15	425	2026-04-26 18:33:58
55	22	2	t	15	200	2026-04-27 00:37:27.222774
56	27	1	t	85	150	2026-04-27 00:38:07.797329
57	80	1	t	21	395	2026-04-26 18:39:02
58	80	11	t	21	395	2026-04-26 18:43:23
59	80	7	t	69	155	2026-04-26 19:31:42
60	80	9	t	51	245	2026-04-27 11:31:50
61	80	16	t	23	385	2026-04-28 10:15:06
62	80	17	t	40	300	2026-04-28 10:17:29
63	80	10	t	69	155	2026-04-28 20:56:29
64	80	20	t	55	225	2026-04-28 21:55:53
65	80	21	t	39	305	2026-04-28 21:59:35
66	80	16	t	23	385	2026-04-28 22:04:42
67	80	7	t	131	100	2026-04-28 23:42:39
68	80	16	t	65	175	2026-04-29 09:47:03
\.


--
-- Data for Name: groups; Type: TABLE DATA; Schema: public; Owner: -
--

COPY public.groups (id, name, teacher_id) FROM stdin;
1	A	20
2	B	21
3	C	86
\.


--
-- Data for Name: levels; Type: TABLE DATA; Schema: public; Owner: -
--

COPY public.levels (id, level_num, difficulty, configuration, description, target_sum) FROM stdin;
5	5	Hard	{"chips": [{"id": 0, "pos": [-3.6099999, 0.649999976, 0], "value": 1}, {"id": 1, "pos": [-2.7269001, 0.650000215, 0], "value": 2}, {"id": 2, "pos": [-1.84380007, 0.650000215, 0], "value": 3}, {"id": 3, "pos": [-0.960700095, 0.650000215, 0], "value": 4}, {"id": 4, "pos": [-0.0776001215, 0.650000215, 0], "value": 5}, {"id": 5, "pos": [0.805399895, 0.650000215, 0], "value": 6}, {"id": 6, "pos": [-3.61000013, -0.232999802, 0], "value": 7}, {"id": 7, "pos": [-2.7269001, -0.232999802, 0], "value": 8}, {"id": 8, "pos": [-1.84380007, -0.232999802, 0], "value": 9}, {"id": 9, "pos": [-0.960700095, -0.232999802, 0], "value": 10}, {"id": 10, "pos": [-0.0776001215, -0.232999802, 0], "value": 11}, {"id": 11, "pos": [0.805399895, -0.232999802, 0], "value": 12}], "nodes": [{"id": 0, "pos": [2.87800002, 2.76900029, -4.75], "value": 1, "figures": [0, 2]}, {"id": 1, "pos": [4.91779995, 1.33250022, -4.75], "value": 2, "figures": [1, 2]}, {"id": 2, "pos": [2.91409993, -0.47819972, -4.75], "value": 3, "figures": [1, 2]}, {"id": 3, "pos": [4.86920023, -2.07369971, -4.75], "value": 4, "figures": [0, 2]}, {"id": 4, "pos": [6.43499994, 1.33000004, -4.75], "value": 5, "figures": [0, 1]}, {"id": 5, "pos": [1.40600002, 1.31550026, -4.75], "value": 6, "figures": [0, 1]}, {"id": 6, "pos": [1.40600002, -0.480699718, -4.75], "value": 7, "figures": [0, 1]}, {"id": 7, "pos": [6.43499994, -0.480699718, -4.75], "value": 8, "figures": [0, 1]}, {"id": 8, "pos": [2.91409993, -2.07369971, -4.75], "value": 9, "figures": [0, 2]}, {"id": 9, "pos": [4.91779995, -0.47819972, -4.75], "value": 10, "figures": [1, 2]}, {"id": 10, "pos": [2.91409993, 1.33250022, -4.75], "value": 11, "figures": [1, 2]}, {"id": 11, "pos": [4.91779995, 2.76900029, -4.75], "value": 12, "figures": [0, 2]}], "figures": [{"id": 0, "pos": [3.9000001, 0.330000013, -4.73999977], "type": "circle", "color": "#1D7DAD", "scale": [5.45560312, 5.3719039, 0.241232947], "rotation": [0, 0, 0]}, {"id": 1, "pos": [3.90460014, 0.406600058, -4.73999977], "type": "cube", "color": "#12B417", "scale": [5.07545567, 1.82901514, 0.241232947], "rotation": [0, 0, 0]}, {"id": 2, "pos": [3.89780021, 0.332400054, -4.73999977], "type": "cube", "color": "#C0230F", "scale": [2.02391171, 4.93489933, 0.241232947], "rotation": [0, 0, 0]}], "chips_block": [{"pos": [-2.49000001, 1.20000005, -5.30000019]}], "intersections_block": [{"pos": [0, 0, -0.159999996]}]}	Se han dibujado dos rectángulos y un círculo, generando 12 puntos de corte, se pide ubicar aalí los números del 1 al 12, de forma que los ubicados sobre cualquiera de las 3 figuras geométricas sumen siempre un mismo valor.	52
12	12	Medium	{"chips": [{"id": 0, "pos": [-3.6400001, 0.819999993, 0], "value": 1}, {"id": 1, "pos": [-2.75930023, 0.819999814, 0], "value": 2}, {"id": 2, "pos": [-1.87880015, 0.819999814, 0], "value": 3}, {"id": 3, "pos": [-0.998200178, 0.819999814, 0], "value": 4}, {"id": 4, "pos": [-0.117500186, 0.819999814, 0], "value": 5}, {"id": 5, "pos": [0.762999773, 0.819999814, 0], "value": 6}, {"id": 6, "pos": [-3.64000034, -0.0605001748, 0], "value": 7}, {"id": 7, "pos": [-2.75930023, -0.0605001748, 0], "value": 8}, {"id": 8, "pos": [-1.87880015, -0.0605001748, 0], "value": 9}, {"id": 9, "pos": [-0.998200178, -0.0605001748, 0], "value": 10}, {"id": 10, "pos": [-0.117500186, -0.0605001748, 0], "value": 11}, {"id": 11, "pos": [0.762999773, -0.0605001748, 0], "value": 12}], "nodes": [{"id": 0, "pos": [6.98409986, 1.02769995, -4.20599985], "value": 1, "figures": [3]}, {"id": 1, "pos": [3.65129995, -2.25460005, -4.20599985], "value": 2, "figures": [4]}, {"id": 2, "pos": [3.69959998, 2.6940999, -4.20599985], "value": 3, "figures": [0]}, {"id": 3, "pos": [2.10279989, 1.02769995, -4.20599985], "value": 4, "figures": [2]}, {"id": 4, "pos": [3.69959998, 1.02769995, -4.20599985], "value": 5, "figures": [0, 1, 2]}, {"id": 5, "pos": [5.34910011, 1.02769995, -4.20599985], "value": 6, "figures": [0, 1, 3]}, {"id": 6, "pos": [3.66589999, -0.655499995, -4.20599985], "value": 7, "figures": [1, 2, 4]}, {"id": 7, "pos": [5.34910011, -0.655499995, -4.20599985], "value": 8, "figures": [1, 3, 4]}, {"id": 8, "pos": [5.34910011, -2.25460005, -4.20599985], "value": 9, "figures": [4]}, {"id": 9, "pos": [2.03539991, -0.655499995, -4.20599985], "value": 10, "figures": [2]}, {"id": 10, "pos": [6.98409986, -0.621800005, -4.21099997], "value": 11, "figures": [3]}, {"id": 11, "pos": [5.3513999, 2.6940999, -4.20599985], "value": 12, "figures": [0]}], "figures": [{"id": 0, "pos": [4.23999977, 1.91999996, -4.19199991], "type": "cube", "color": "#4B6DE7", "scale": [1.63981581, 1.63981581, 0.145730421], "rotation": [0, 0, 90]}, {"id": 1, "pos": [4.23999977, 0.263800025, -4.19199991], "type": "cube", "color": "#E78A4B", "scale": [1.63981581, 1.63981581, 0.145730421], "rotation": [0, 0, 90]}, {"id": 2, "pos": [2.63289976, 0.263800025, -4.19199991], "type": "cube", "color": "#4BD2E7", "scale": [1.63981581, 1.63981581, 0.145730421], "rotation": [0, 0, 90]}, {"id": 3, "pos": [5.86339951, 0.263800025, -4.19199991], "type": "cube", "color": "#E74B78", "scale": [1.63981581, 1.63981581, 0.145730421], "rotation": [0, 0, 90]}, {"id": 4, "pos": [4.23999977, -1.37599993, -4.19199991], "type": "cube", "color": "#4BE75F", "scale": [1.63981581, 1.63981581, 0.145730421], "rotation": [0, 0, 90]}], "chips_block": [{"pos": [-2.49000001, 1.20000005, -5.30000019]}], "intersections_block": [{"pos": [-0.315999985, 0, -0.159999996]}]}	Se han graficado cinco cuadrados, adjuntados de forma que constituyen una cruz, se generan 12 vértices, se pide colocar en esos vértices los enteros del 1 al 12, de forma que al sumar los vértices de cualquiera de los 5 cuadrados, el resultado sea una constante. 	26
7	7	Medium	{"chips": [{"id": 0, "pos": [-3.01999998, 0.970000029, 0], "value": 1}, {"id": 1, "pos": [-2.13199997, 0.969999969, 0], "value": 2}, {"id": 2, "pos": [-1.24400008, 0.969999969, 0], "value": 3}, {"id": 3, "pos": [-0.355999947, 0.969999969, 0], "value": 4}, {"id": 4, "pos": [0.532000065, 0.969999969, 0], "value": 5}, {"id": 5, "pos": [1.41999984, 0.969999969, 0], "value": 6}, {"id": 6, "pos": [-3.01999998, 0.0819999725, 0], "value": 7}, {"id": 7, "pos": [-2.13199997, 0.0819999725, 0], "value": 8}, {"id": 8, "pos": [-1.24400008, 0.0819999725, 0], "value": 9}, {"id": 9, "pos": [-0.355999947, 0.0819999725, 0], "value": 10}, {"id": 10, "pos": [0.532000065, 0.0819999725, 0], "value": 11}, {"id": 11, "pos": [1.41999984, 0.0819999725, 0], "value": 12}, {"id": 12, "pos": [-3.01999998, -0.806000054, 0], "value": 13}, {"id": 13, "pos": [-2.13199997, -0.806000054, 0], "value": 14}], "nodes": [{"id": 0, "pos": [3.13209963, 1.98269987, -4.67000008], "value": 1, "figures": [0, 1]}, {"id": 1, "pos": [4.81019974, 1.98269987, -4.67000008], "value": 2, "figures": [0, 2]}, {"id": 2, "pos": [5.37789965, 1.00580001, -4.67000008], "value": 3, "figures": [0, 2]}, {"id": 3, "pos": [2.02519989, -0.132500023, -4.67000008], "value": 4, "figures": [0, 2]}, {"id": 4, "pos": [2.70089984, 1.98269987, -4.67000008], "value": 5, "figures": [0, 2]}, {"id": 5, "pos": [4.40999985, -0.132500023, -4.67000008], "value": 6, "figures": [1, 2]}, {"id": 6, "pos": [3.01759982, -0.132500023, -4.67000008], "value": 7, "figures": [1, 2]}, {"id": 7, "pos": [4.43299961, 2.54550004, -4.67000008], "value": 8, "figures": [1, 2]}, {"id": 8, "pos": [3.01759982, -1.37, -4.67000008], "value": 9, "figures": [0, 1]}, {"id": 9, "pos": [5.37789965, -0.132500023, -4.67000008], "value": 10, "figures": [0, 2]}, {"id": 10, "pos": [2.02519989, 0.905900002, -4.67000008], "value": 11, "figures": [0, 2]}, {"id": 11, "pos": [4.40999985, -1.37, -4.67000008], "value": 12, "figures": [0, 1]}, {"id": 12, "pos": [4.36419964, 1.98269987, -4.67000008], "value": 13, "figures": [0, 1]}, {"id": 13, "pos": [3.05189967, 2.54220009, -4.67000008], "value": 14, "figures": [1, 2]}], "figures": [{"id": 0, "pos": [3.98000002, -0.180000007, -4.64300013], "type": "cube", "color": "#B45B12", "scale": [3.30580115, 3.30580115, 0.234922871], "rotation": [0, 0, 0]}, {"id": 1, "pos": [3.9920001, -0.159499973, -4.64300013], "type": "cube", "color": "#F3BF16", "scale": [1.37288058, 4.36833763, 0.234922871], "rotation": [0, 0, 0]}, {"id": 2, "pos": [4.01090002, 1.24090004, -4.64300013], "type": "triangle", "color": "#8723FF", "scale": [1.62192094, 1.58953667, 0.277537882], "rotation": [0, 0, 0]}], "chips_block": [{"pos": [-3.17000008, 1.26999998, -5.30000019]}], "intersections_block": [{"pos": [0.229999781, -0.505299985, -0.159999996]}]}	En la figura se han entrelazado dos rectángulos y un triángulo, generando 14 puntos de corte, se solicita ubicar en cada corte un número entero distinto, del 1 al 14, de forma que si sumamos los ubicados en cualquiera de las tres figuras.	70
18	18	Easy	{"chips": [{"id": 0, "pos": [-2.95000005, 0.839999974, 0], "value": 1}, {"id": 1, "pos": [-2.06589985, 0.840000033, 0], "value": 2}, {"id": 2, "pos": [-1.18189979, 0.840000033, 0], "value": 3}, {"id": 3, "pos": [-0.297899783, 0.840000033, 0], "value": 4}, {"id": 4, "pos": [0.586100221, 0.840000033, 0], "value": 5}, {"id": 5, "pos": [1.4702003, 0.840000033, 0], "value": 6}, {"id": 6, "pos": [-1.5885998, -0.0440999568, 0], "value": 7}, {"id": 7, "pos": [-0.704499781, -0.0440999568, 0], "value": 8}, {"id": 8, "pos": [0.179500222, -0.0440999568, 0], "value": 9}], "nodes": [{"id": 0, "pos": [7.50689983, -0.0747998953, -3.75600004], "value": 1, "figures": [0, 1]}, {"id": 1, "pos": [2.579, -1.54129994, -3.75600004], "value": 2, "figures": [0, 2]}, {"id": 2, "pos": [4.35389996, 1.47080016, -3.75600004], "value": 3, "figures": [1, 2]}, {"id": 3, "pos": [5.50540018, -3.14719987, -3.75600004], "value": 4, "figures": [0, 2]}, {"id": 4, "pos": [3.45090008, -0.0747998953, -3.75600004], "value": 5, "figures": [1, 2]}, {"id": 5, "pos": [3.88000011, 1.69000006, -3.75600004], "value": 6, "figures": [0, 1]}, {"id": 6, "pos": [6.0005002, -1.32949996, -3.75600004], "value": 7, "figures": [1, 2]}, {"id": 7, "pos": [2.60400009, 0.342000127, -3.75600004], "value": 8, "figures": [0, 1]}, {"id": 8, "pos": [6.71420002, -2.5296998, -3.75600004], "value": 9, "figures": [0, 2]}], "figures": [{"id": 0, "pos": [4.15719986, 0.333299994, -4.65600014], "type": "circle", "color": "#F57A6C", "scale": [5.17222834, 5.21111679, 0.0851629302], "rotation": [0, 0, 0]}, {"id": 1, "pos": [3.86809993, 1.27760005, -4.65600014], "type": "cube", "color": "#6EFA77", "scale": [1.79760385, 5.40338421, 0.0851629302], "rotation": [0, 0, 63.7969933]}, {"id": 2, "pos": [3.51889992, 0.1087, -4.65600014], "type": "triangle", "color": "#4DACFA", "scale": [1.92903471, 1.99484491, 0.0851629302], "rotation": [0, 0, 0]}], "chips_block": [{"pos": [-3.17000008, 1.10000002, -5.19999981]}], "intersections_block": [{"pos": [-0.818000019, 0.980000138, -0.96]}]}	En el grafico siguiente, conformado por un triángulo, un rectángulo y un círculo, se han generado nueve puntos de corte, ubicar allí los números enteros del 1 al 9, de tal forma que los ubicados sobre cada figura geométrica sumen un mismo resultado.	30
20	20	Easy	{"chips": [{"id": 0, "pos": [-2.74000001, 0.709999979, 0], "value": 1}, {"id": 1, "pos": [-1.85949993, 0.709999919, 0], "value": 2}, {"id": 2, "pos": [-0.978999972, 0.709999919, 0], "value": 3}, {"id": 3, "pos": [-0.0985000134, 0.709999919, 0], "value": 4}, {"id": 4, "pos": [-2.74000001, -0.17050007, 0], "value": 5}, {"id": 5, "pos": [-1.85949993, -0.17050007, 0], "value": 6}, {"id": 6, "pos": [-0.978999972, -0.17050007, 0], "value": 7}, {"id": 7, "pos": [-0.0985000134, -0.17050007, 0], "value": 8}], "nodes": [{"id": 0, "pos": [5.77149963, 1.40090001, -4.19999981], "value": 1, "figures": [0, 2]}, {"id": 1, "pos": [6.82590008, 1.31190002, -4.19999981], "value": 2, "figures": [0, 2]}, {"id": 2, "pos": [6.75030041, -1.80770004, -4.19999981], "value": 3, "figures": [0, 2]}, {"id": 3, "pos": [3.0374999, -0.175399989, -4.19999981], "value": 4, "figures": [0, 1]}, {"id": 4, "pos": [4.40680027, -0.175399989, -4.19999981], "value": 5, "figures": [1, 2]}, {"id": 5, "pos": [3.59369993, -1.2335, -4.19999981], "value": 6, "figures": [0, 2]}, {"id": 6, "pos": [5.2677002, 0.868399978, -4.19999981], "value": 7, "figures": [1, 2]}, {"id": 7, "pos": [3.75999999, 0.819999993, -4.19999981], "value": 8, "figures": [0, 1]}], "figures": [{"id": 0, "pos": [4.67000008, -0.200000003, -5.1500001], "type": "circle", "color": "#62FA79", "scale": [5.63250828, 3.26257467, 0.0815643594], "rotation": [0, 0, 0]}, {"id": 1, "pos": [2.63580012, 0.408600032, -5.1500001], "type": "cube", "color": "#9CADF5", "scale": [1.01404929, 4.77893162, 0.0815643594], "rotation": [0, 0, 90]}, {"id": 2, "pos": [1.55450022, -2.22230005, -5.1500001], "type": "triangle_polyshape", "color": "#FF8D8D", "scale": [1.27330244, 0.0815643594, 0.652255177], "rotation": [0, 270, 90]}], "chips_block": [{"pos": [-2.49000001, 1.20000005, -5.42000008]}], "intersections_block": [{"pos": [-1.19459987, 0.0562001467, -1.04999995]}]}	Se han dibujado tres figuras geométricas, un rectángulo, un triángulo y una elipse, generando ocho puntos de corte, se solicita ubicar en esas intersecciones números enteros consecutivos del 1 al 8, de forma que al sumar los que se ubican sobre cada figura se tendrá un mismo resultado.	24
16	16	Easy	{"chips": [{"id": 0, "pos": [-2.49000001, 0.810000002, 0], "value": 1}, {"id": 1, "pos": [-1.59670019, 0.810000122, 0], "value": 2}, {"id": 2, "pos": [-0.703300118, 0.810000122, 0], "value": 3}, {"id": 3, "pos": [-2.49000025, -0.0833998621, 0], "value": 4}, {"id": 4, "pos": [-1.59670019, -0.0833998621, 0], "value": 5}, {"id": 5, "pos": [-0.703300118, -0.0833998621, 0], "value": 6}], "nodes": [{"id": 0, "pos": [7.82000017, 0.699999988, -4.15500021], "value": 1, "figures": [0, 2]}, {"id": 1, "pos": [1.19000006, 0.680000007, -4.15500021], "value": 2, "figures": [0, 1]}, {"id": 2, "pos": [4.57000017, 0.529999971, -4.15500021], "value": 3, "figures": [0, 1, 2]}, {"id": 3, "pos": [1.17999995, -2.1500001, -4.15500021], "value": 4, "figures": [0, 1]}, {"id": 4, "pos": [7.82999992, -2.25999999, -4.15500021], "value": 5, "figures": [0, 2]}, {"id": 5, "pos": [4.5717001, -2.04580021, -4.15500021], "value": 6, "figures": [1, 2]}], "figures": [{"id": 0, "pos": [3.95000005, -0.140000001, -4.98000002], "type": "cube", "color": "#77FA96", "scale": [3.9522934, 6.61824036, 0.082767956], "rotation": [0, 0, 90]}, {"id": 1, "pos": [2.28710008, 0.398199975, -4.98000002], "type": "circle", "color": "#76A6FD", "scale": [4.55690765, 3.9616909, 0.165535912], "rotation": [0, 0, 0]}, {"id": 2, "pos": [5.74679947, 0.398199975, -4.98000002], "type": "circle", "color": "#FD767A", "scale": [4.55690765, 3.9616909, 0.165535912], "rotation": [0, 0, 0]}], "chips_block": [{"pos": [-2.41000009, 1.10000002, -5.19999981]}], "intersections_block": [{"pos": [-0.538000047, 1.20050013, -0.859000027]}]}	En la siguiente figura, hemos ubicado dos círculos y un rectángulo, generando 6 puntos de intersección, donde se pide ubicar los enteros del 1 al 6, de forma que la sumatoria de los que se ubican sobre cada figura sumen un mismo valor.	15
19	19	Easy	{"chips": [{"id": 0, "pos": [-3.03999996, 0.860000014, 0], "value": 1}, {"id": 1, "pos": [-2.14970016, 0.860000134, 0], "value": 2}, {"id": 2, "pos": [-1.25940001, 0.860000134, 0], "value": 3}, {"id": 3, "pos": [-0.369100034, 0.860000134, 0], "value": 4}, {"id": 4, "pos": [0.521199942, 0.860000134, 0], "value": 5}, {"id": 5, "pos": [1.41149998, 0.860000134, 0], "value": 6}, {"id": 6, "pos": [-1.67610002, -0.030299902, 0], "value": 7}, {"id": 7, "pos": [-0.78580004, -0.030299902, 0], "value": 8}, {"id": 8, "pos": [0.104499936, -0.030299902, 0], "value": 9}], "nodes": [{"id": 0, "pos": [5.1899004, -1.54059994, -4.25], "value": 1, "figures": [1, 2]}, {"id": 1, "pos": [7.05000019, -0.699999988, -4.25], "value": 2, "figures": [0, 1]}, {"id": 2, "pos": [3.79999995, 0.829999983, -4.25], "value": 3, "figures": [0, 2]}, {"id": 3, "pos": [6, -1.16999996, -4.25], "value": 4, "figures": [0, 1]}, {"id": 4, "pos": [4.98000002, -0.140000001, -4.25], "value": 5, "figures": [0, 2]}, {"id": 5, "pos": [5.27820015, -2.6481998, -4.25], "value": 6, "figures": [1, 2]}, {"id": 6, "pos": [4.65999985, 1.44000006, -4.25], "value": 7, "figures": [0, 2]}, {"id": 7, "pos": [3.9452002, -2.10309982, -4.25], "value": 8, "figures": [1, 2]}, {"id": 8, "pos": [6.88000011, -1.88, -4.25], "value": 9, "figures": [0, 1]}], "figures": [{"id": 0, "pos": [4.57000017, 1.12, -4.86999989], "type": "cube", "color": "#6EFA7B", "scale": [1.02256167, 4.81904697, 0.0822490379], "rotation": [0, 0, 47.1390381]}, {"id": 1, "pos": [4.9612999, -0.798099995, -4.86999989], "type": "cube", "color": "#FA7E6E", "scale": [1.02256167, 5.21850491, 0.0822490379], "rotation": [0, 0, 114.319977]}, {"id": 2, "pos": [3.22239995, 0.86500001, -4.86999989], "type": "triangle", "color": "#4DACFA", "scale": [1.49992704, 1.55109787, 0.0662186965], "rotation": [0, 0, 337.759338]}], "chips_block": [{"pos": [-3.17000008, 1.10000002, -5.19999981]}], "intersections_block": [{"pos": [-0.818000019, 0.980000138, -0.679999828]}]}	Se han ubicado dos rectángulos y un triángulo, generando nueve puntos de corte, se pide ubicar números del uno al nueve, de tal forma que al sumar los que se ubican en el perímetro de cada figura, arrojen un mismo resultado. 	30
1	1	Easy	{"chips": [{"id": 0, "pos": [-2.31999993, 0.850000024, 0], "value": 1}, {"id": 1, "pos": [-1.42299974, 0.850000024, 0], "value": 2}, {"id": 2, "pos": [-0.525899768, 0.850000024, 0], "value": 3}, {"id": 3, "pos": [-2.33789968, -0.208499998, 0], "value": 4}, {"id": 4, "pos": [-1.44089985, -0.208499998, 0], "value": 5}, {"id": 5, "pos": [-0.543899775, -0.208499998, 0], "value": 6}], "nodes": [{"id": 0, "pos": [4.19759989, 0.0156999994, -5.05999994], "value": 1, "figures": [0, 1]}, {"id": 1, "pos": [3.75719976, 1.02830005, -5.05999994], "value": 2, "figures": [1, 2]}, {"id": 2, "pos": [4.63999987, 1.05970001, -5.05999994], "value": 3, "figures": [0, 2]}, {"id": 3, "pos": [2.57949996, -0.480699986, -5.05999994], "value": 4, "figures": [0, 2]}, {"id": 4, "pos": [5.93120003, -0.449200004, -5.05999994], "value": 5, "figures": [1, 2]}, {"id": 5, "pos": [4.19759989, 2.29329991, -5.05999994], "value": 6, "figures": [0, 1]}], "figures": [{"id": 0, "pos": [2.93330002, 1.1494, -5.07000017], "type": "circle", "color": "#099A43", "scale": [3.3063643, 3.3063643, 0.330636412], "rotation": [0, 0, 0]}, {"id": 1, "pos": [5.36350012, 1.1494, -5.07000017], "type": "circle", "color": "#6458E0", "scale": [3.3063643, 3.3063643, 0.330636412], "rotation": [0, 0, 0]}, {"id": 2, "pos": [4.20620012, -0.55339998, -5.07000017], "type": "circle", "color": "#E76252", "scale": [3.3063643, 3.3063643, 0.330636412], "rotation": [0, 0, 0]}], "chips_block": [{"pos": [-2.49000001, 1.20000005, -5.3]}], "intersections_block": [{"pos": [0, 0, -0.159999996]}]}	Se han graficado tres círculos que se entrelazan entre si, en esos puntos de intersección, colocar, sin repetición, los números enteros del 1 al 6, de forma que la suma de los que correspondan a cada circulo sea un mismo valor constante.	14
-1	-1	Invalida	"[{\\"id\\": 1, \\"center\\": [0, 0, 0], \\"size\\": [1, 1, 0.1], \\"type\\": \\"circle\\"}, {\\"id\\": 2, \\"center\\": [0, 0, 0], \\"size\\": [1, 1, 0.1], \\"type\\": \\"square\\"}]"	Memoreto Invalido	-1
4	4	Hard	{"chips": [{"id": 0, "pos": [-3.77999997, 1.01999998, 0], "value": 1}, {"id": 1, "pos": [-2.89510012, 1.01999998, 0], "value": 2}, {"id": 2, "pos": [-2.01010036, 1.01999998, 0], "value": 3}, {"id": 3, "pos": [-1.12510014, 1.01999998, 0], "value": 4}, {"id": 4, "pos": [-0.240100265, 1.01999998, 0], "value": 5}, {"id": 5, "pos": [0.644899845, 1.01999998, 0], "value": 6}, {"id": 6, "pos": [-3.78000021, 0.135000065, 0], "value": 7}, {"id": 7, "pos": [-2.89510012, 0.135000065, 0], "value": 8}, {"id": 8, "pos": [-2.01010036, 0.135000065, 0], "value": 9}, {"id": 9, "pos": [-1.12510014, 0.135000065, 0], "value": 10}, {"id": 10, "pos": [-0.240100265, 0.135000065, 0], "value": 11}, {"id": 11, "pos": [0.644899845, 0.135000065, 0], "value": 12}, {"id": 12, "pos": [-1.99060011, -0.74999994, 0], "value": 13}, {"id": 13, "pos": [-1.10560024, -0.74999994, 0], "value": 14}], "nodes": [{"id": 0, "pos": [4.9989996, -0.505999982, -4.82000017], "value": 1, "figures": [0, 1]}, {"id": 1, "pos": [2.14219999, 1.62180007, -4.82000017], "value": 2, "figures": [1, 2]}, {"id": 2, "pos": [3.06800008, 2.35559988, -4.82000017], "value": 3, "figures": [0, 1]}, {"id": 3, "pos": [4.47399998, -1.88, -4.82000017], "value": 4, "figures": [0, 1]}, {"id": 4, "pos": [1.75690007, -0.531199932, -4.82000017], "value": 5, "figures": [0, 1]}, {"id": 5, "pos": [1.42040002, -1.25629997, -4.82000017], "value": 6, "figures": [0, 2]}, {"id": 6, "pos": [5.33539963, -1.2967, -4.82000017], "value": 7, "figures": [0, 2]}, {"id": 7, "pos": [4.01099968, 1.62180007, -4.82000017], "value": 8, "figures": [0, 2]}, {"id": 8, "pos": [4.77690029, -1.27029991, -4.82000017], "value": 9, "figures": [1, 2]}, {"id": 9, "pos": [2.26999998, -1.88, -4.82000017], "value": 10, "figures": [0, 1]}, {"id": 10, "pos": [4.5632, 1.62180007, -4.82000017], "value": 11, "figures": [1, 2]}, {"id": 11, "pos": [3.67610002, 2.35559988, -4.82000017], "value": 12, "figures": [0, 1]}, {"id": 12, "pos": [1.96720004, -1.27029991, -4.82000017], "value": 13, "figures": [1, 2]}, {"id": 13, "pos": [2.73310018, 1.62180007, -4.82000017], "value": 14, "figures": [0, 2]}], "figures": [{"id": 0, "pos": [4.0999999, 0.600000024, -4.76999998], "type": "triangle", "color": "#FF4F23", "scale": [1.57525992, 2.12191725, 0.105017327], "rotation": [0, 0, 0]}, {"id": 1, "pos": [4.0999999, -0.0625000149, -4.76999998], "type": "circle", "color": "#1D7DAD", "scale": [3.34592152, 4.96725035, 0.223061457], "rotation": [0, 0, 0]}, {"id": 2, "pos": [4.0999999, 0.201099977, -4.76999998], "type": "cube", "color": "#12B417", "scale": [4.8061614, 2.92042875, 0.223061457], "rotation": [0, 0, 0]}], "chips_block": [{"pos": [-2.49000001, 1.20000005, -5.30000019]}], "intersections_block": [{"pos": [0.730000019, 0, -0.159999996]}]}	Se han dibujado una elipse, un triangulo y un rectángulo, tal como se observa en la figura, generando catorce puntos de corte, se pide ubicar en cada corte un entero del uno al catorce de tal manera que al sumar los ubicados en el peimetro de cualquiera de las tres figuras, sea el resultado sea el mismo.	70
0	0	EasyTest	{"chips": [{"name": "Chip_1_1", "color": "#FFFFAEFF", "pivot": [], "scale": [0.1987999975681305, 0.0142000000923872, 0.1987999975681305], "active": true, "category": "chip", "position": [0, 0, 0], "rotation": [90, 0, 0], "anchorMax": [], "anchorMin": [], "prefabKey": "Chip", "sizeDelta": [], "textValue": "1"}, {"name": "Chip_2_2", "color": "#FFFFAEFF", "pivot": [], "scale": [0.1987999975681305, 0.0142000000923872, 0.1987999975681305], "active": true, "category": "chip", "position": [0.5, 0, 0], "rotation": [90, 0, 0], "anchorMax": [], "anchorMin": [], "prefabKey": "Chip", "sizeDelta": [], "textValue": "2"}, {"name": "Chip_3_3", "color": "#FFFFAEFF", "pivot": [], "scale": [0.1987999975681305, 0.0142000000923872, 0.1987999975681305], "active": true, "category": "chip", "position": [1, 0, 0], "rotation": [90, 0, 0], "anchorMax": [], "anchorMin": [], "prefabKey": "Chip", "sizeDelta": [], "textValue": "3"}, {"name": "Chip_4_4", "color": "#FFFFAEFF", "pivot": [], "scale": [0.1987999975681305, 0.0142000000923872, 0.1987999975681305], "active": true, "category": "chip", "position": [-0.009999999776482582, -0.5899999737739563, 0], "rotation": [90, 0, 0], "anchorMax": [], "anchorMin": [], "prefabKey": "Chip", "sizeDelta": [], "textValue": "4"}, {"name": "Chip_5_5", "color": "#FFFFAEFF", "pivot": [], "scale": [0.1987999975681305, 0.0142000000923872, 0.1987999975681305], "active": true, "category": "chip", "position": [0.49000000953674316, -0.5899999737739563, 0], "rotation": [90, 0, 0], "anchorMax": [], "anchorMin": [], "prefabKey": "Chip", "sizeDelta": [], "textValue": "5"}, {"name": "Chip_6_6", "color": "#FFFFAEFF", "pivot": [], "scale": [0.1987999975681305, 0.0142000000923872, 0.1987999975681305], "active": true, "category": "chip", "position": [0.9900000095367432, -0.5899999737739563, 0], "rotation": [90, 0, 0], "anchorMax": [], "anchorMin": [], "prefabKey": "Chip", "sizeDelta": [], "textValue": "6"}], "geometries": [{"name": "Sphere", "color": "#FFFFFF92", "pivot": [], "scale": [2, 2, 0.20000000298023224], "active": true, "category": "geometry", "position": [2.009999990463257, 0.6399999856948853, -5.070000171661377], "rotation": [0, 0, 0], "anchorMax": [], "anchorMin": [], "prefabKey": "Sphere", "sizeDelta": [], "textValue": ""}, {"name": "Sphere (2)", "color": "#FFFFFF92", "pivot": [], "scale": [2, 2, 0.20000000298023224], "active": true, "category": "geometry", "position": [2.7799999713897705, -0.38999998569488525, -5.070000171661377], "rotation": [0, 0, 0], "anchorMax": [], "anchorMin": [], "prefabKey": "Sphere", "sizeDelta": [], "textValue": ""}, {"name": "Sphere (1)", "color": "#FFFFFF92", "pivot": [], "scale": [2, 2, 0.20000000298023224], "active": true, "category": "geometry", "position": [3.4800000190734863, 0.6399999856948853, -5.070000171661377], "rotation": [0, 0, 0], "anchorMax": [], "anchorMin": [], "prefabKey": "Sphere", "sizeDelta": [], "textValue": ""}], "sumCounters": [{"name": "SumCounter_1_Sphere", "color": "#099A43FF", "pivot": [0.5, 0.5], "scale": [0.800000011920929, 0.800000011920929, 0.800000011920929], "active": true, "category": "sumCounter", "position": [-528, 0, 0], "rotation": [0, 0, 0], "anchorMax": [0.5, 0.5], "anchorMin": [0.5, 0.5], "prefabKey": "SumCounter", "sizeDelta": [100, 100], "textValue": "0"}, {"name": "SumCounter_2_Sphere (2)", "color": "#E76252FF", "pivot": [0.5, 0.5], "scale": [0.800000011920929, 0.800000011920929, 0.800000011920929], "active": true, "category": "sumCounter", "position": [-45, 0, 0], "rotation": [0, 0, 0], "anchorMax": [0.5, 0.5], "anchorMin": [0.5, 0.5], "prefabKey": "SumCounter", "sizeDelta": [100, 100], "textValue": "0"}, {"name": "SumCounter_3_Sphere (1)", "color": "#6458E0FF", "pivot": [0.5, 0.5], "scale": [0.800000011920929, 0.800000011920929, 0.800000011920929], "active": true, "category": "sumCounter", "position": [-60, 0, 0], "rotation": [0, 0, 0], "anchorMax": [0.5, 0.5], "anchorMin": [0.5, 0.5], "prefabKey": "SumCounter", "sizeDelta": [100, 100], "textValue": "0"}], "intersections": [{"name": "Holder(Clone)", "color": "#FFFFFFFF", "pivot": [], "scale": [0.25, 0.009999999776482582, 0.25], "active": true, "category": "intersection", "position": [3.0083999633789062, 0.5835999846458435, -5.059999942779541], "rotation": [90, 0, 0], "anchorMax": [], "anchorMin": [], "prefabKey": "Holder", "sizeDelta": [], "textValue": ""}, {"name": "Holder(Clone)", "color": "#FFFFFFFF", "pivot": [], "scale": [0.25, 0.009999999776482582, 0.25], "active": true, "category": "intersection", "position": [1.781599998474121, -0.3336000144481659, -5.059999942779541], "rotation": [90, 0, 0], "anchorMax": [], "anchorMin": [], "prefabKey": "Holder", "sizeDelta": [], "textValue": ""}, {"name": "Holder(Clone)", "color": "#FFFFFFFF", "pivot": [], "scale": [0.25, 0.009999999776482582, 0.25], "active": true, "category": "intersection", "position": [2.744999885559082, 1.3180999755859375, -5.059999942779541], "rotation": [90, 0, 0], "anchorMax": [], "anchorMin": [], "prefabKey": "Holder", "sizeDelta": [], "textValue": ""}, {"name": "Holder(Clone)", "color": "#FFFFFFFF", "pivot": [], "scale": [0.25, 0.009999999776482582, 0.25], "active": true, "category": "intersection", "position": [2.744999885559082, -0.038100000470876694, -5.059999942779541], "rotation": [90, 0, 0], "anchorMax": [], "anchorMin": [], "prefabKey": "Holder", "sizeDelta": [], "textValue": ""}, {"name": "Holder(Clone)", "color": "#FFFFFFFF", "pivot": [], "scale": [0.25, 0.009999999776482582, 0.25], "active": true, "category": "intersection", "position": [2.482800006866455, 0.5648000240325928, -5.059999942779541], "rotation": [90, 0, 0], "anchorMax": [], "anchorMin": [], "prefabKey": "Holder", "sizeDelta": [], "textValue": ""}, {"name": "Holder(Clone)", "color": "#FFFFFFFF", "pivot": [], "scale": [0.25, 0.009999999776482582, 0.25], "active": true, "category": "intersection", "position": [3.7771999835968018, -0.3147999942302704, -5.059999942779541], "rotation": [90, 0, 0], "anchorMax": [], "anchorMin": [], "prefabKey": "Holder", "sizeDelta": [], "textValue": ""}]}	TEST: Se han graficado tres círculos que se entrelazan entre si, en esos puntos de intersección, colocar, sin repetición, los números enteros del 1 al 6, de forma que la suma de los que correspondan a cada circulo sea un mismo valor constante.	14
2	2	Medium	{"chips": [{"id": 0, "pos": [-2.71000004, 1.08000004, 0], "value": 1}, {"id": 1, "pos": [-1.88880038, 1.08000016, 0], "value": 2}, {"id": 2, "pos": [-1.06750035, 1.08000016, 0], "value": 3}, {"id": 3, "pos": [-0.246300459, 1.08000016, 0], "value": 4}, {"id": 4, "pos": [0.574899554, 1.08000016, 0], "value": 5}, {"id": 5, "pos": [1.39609957, 1.08000016, 0], "value": 6}, {"id": 6, "pos": [-2.71000051, 0.258800149, 0], "value": 7}, {"id": 7, "pos": [-1.88880038, 0.258800149, 0], "value": 8}, {"id": 8, "pos": [-1.06750035, 0.258800149, 0], "value": 9}, {"id": 9, "pos": [-0.246300459, 0.258800149, 0], "value": 10}, {"id": 10, "pos": [0.574899554, 0.258800149, 0], "value": 11}, {"id": 11, "pos": [1.39609957, 0.258800149, 0], "value": 12}, {"id": 12, "pos": [-2.71000051, -0.562399864, 0], "value": 13}, {"id": 13, "pos": [-1.88880038, -0.562399864, 0], "value": 14}, {"id": 14, "pos": [-1.06750035, -0.562399864, 0], "value": 15}, {"id": 15, "pos": [-0.246300459, -0.562399864, 0], "value": 16}, {"id": 16, "pos": [0.574899554, -0.562399864, 0], "value": 17}, {"id": 17, "pos": [1.39609957, -0.562399864, 0], "value": 18}], "nodes": [{"id": 0, "pos": [1.954, 2.17569995, -4.96999979], "value": 1, "figures": [2, 3]}, {"id": 1, "pos": [0.038500011, 0.133399963, -4.96999979], "value": 2, "figures": [0, 2]}, {"id": 2, "pos": [3.13980007, -1.22440004, -4.96999979], "value": 3, "figures": [1, 3]}, {"id": 3, "pos": [4.81970024, -0.897800028, -4.96999979], "value": 4, "figures": [1, 2, 3]}, {"id": 4, "pos": [0.119999997, -0.310000002, -4.96999979], "value": 5, "figures": [0, 2]}, {"id": 5, "pos": [6.35239983, 0.86649996, -4.96999979], "value": 6, "figures": [0, 1]}, {"id": 6, "pos": [4.4618001, 0.0667999387, -4.96999979], "value": 7, "figures": [1, 3]}, {"id": 7, "pos": [2.60580015, 0.214699984, -4.96999979], "value": 8, "figures": [0, 3]}, {"id": 8, "pos": [5.26009989, 0.763199985, -4.96999979], "value": 9, "figures": [0, 2]}, {"id": 9, "pos": [0.963100016, -1.34450006, -4.96999979], "value": 10, "figures": [1, 2]}, {"id": 10, "pos": [3.36470008, -1.78340006, -4.96999979], "value": 11, "figures": [2, 3]}, {"id": 11, "pos": [4.29769993, 0.509000003, -4.96999979], "value": 12, "figures": [0, 3]}, {"id": 12, "pos": [2.90499997, -0.591700017, -4.96999979], "value": 13, "figures": [1, 3]}, {"id": 13, "pos": [2.22010016, 1.25390005, -4.96999979], "value": 14, "figures": [0, 3]}, {"id": 14, "pos": [1.34770012, -1.62330008, -4.96999979], "value": 15, "figures": [1, 2]}, {"id": 15, "pos": [5.296, 0.346699953, -4.96999979], "value": 16, "figures": [1, 2]}, {"id": 16, "pos": [7.08139992, 0.991599977, -4.96999979], "value": 17, "figures": [0, 1]}, {"id": 17, "pos": [3.70100021, 2.11689997, -4.96999979], "value": 18, "figures": [0, 2, 3]}], "figures": [{"id": 0, "pos": [3.58999991, 0.469999999, -5], "type": "prism", "color": "#D92020", "scale": [6.63387728, 3.41924286, 0.170066863], "rotation": [0, 0, 110.049194]}, {"id": 1, "pos": [3.98370004, -1.30789995, -5], "type": "prism", "color": "#DAE717", "scale": [3.75343108, 3.32560492, 0.170066863], "rotation": [0, 0, 106.96389]}, {"id": 2, "pos": [3.04349995, -0.382400036, -5], "type": "circle", "color": "#288BBC", "scale": [5.34233856, 4.2340641, 0.340133727], "rotation": [0, 0, 0]}, {"id": 3, "pos": [3.78929996, -0.0753000379, -5], "type": "cube", "color": "#4BE750", "scale": [1.70993662, 5.0299449, 0.170066863], "rotation": [0, 0, 20.35919]}], "chips_block": [{"pos": [-3.23000002, 1.20000005, -5.30000019]}], "intersections_block": [{"pos": [0.359999895, -0.589999914, -0.189999998]}]}	Se han dibujado dos triángulos, una elipse y un rectángulo, generando dieciocho puntos de corte, tal como se observa en la figura. Se pide ubicar en cada corte un número entero distinto entre uno y dieciocho, de tal manera que al sumar los ubicados en el entorno de cualquiera de las figuras, el resultado sea el mismo	91
15	15	Medium	{"chips": [{"id": 0, "pos": [-3.61999989, 0.660000026, 0], "value": 1}, {"id": 1, "pos": [-2.73889971, 0.659999967, 0], "value": 2}, {"id": 2, "pos": [-1.85769963, 0.659999967, 0], "value": 3}, {"id": 3, "pos": [-0.976599693, 0.659999967, 0], "value": 4}, {"id": 4, "pos": [-0.0953996181, 0.659999967, 0], "value": 5}, {"id": 5, "pos": [0.785800219, 0.659999967, 0], "value": 6}, {"id": 6, "pos": [-3.18469954, -0.221100032, 0], "value": 7}, {"id": 7, "pos": [-2.3035996, -0.221100032, 0], "value": 8}, {"id": 8, "pos": [-1.42239952, -0.221100032, 0], "value": 9}, {"id": 9, "pos": [-0.541299582, -0.221100032, 0], "value": 10}, {"id": 10, "pos": [0.339900255, -0.221100032, 0], "value": 11}], "nodes": [{"id": 0, "pos": [1.0302999, 0.879999995, -4.84000015], "value": 1, "figures": [0, 1]}, {"id": 1, "pos": [5.42579985, -0.808300018, -4.84000015], "value": 2, "figures": [1, 2]}, {"id": 2, "pos": [4.58419991, 0.879999995, -4.84000015], "value": 3, "figures": [1, 2]}, {"id": 3, "pos": [5.86279964, -1.63269997, -4.84000015], "value": 4, "figures": [0, 2]}, {"id": 4, "pos": [7.05999994, 0.879999995, -4.84000015], "value": 5, "figures": [0, 1]}, {"id": 5, "pos": [2.51509976, -0.808300018, -4.84000015], "value": 6, "figures": [1, 2]}, {"id": 6, "pos": [1.0302999, -0.808300018, -4.84000015], "value": 7, "figures": [0, 1]}, {"id": 7, "pos": [2.15359998, -1.63269997, -4.84000015], "value": 8, "figures": [0, 2]}, {"id": 8, "pos": [7.05999994, -0.808300018, -4.84000015], "value": 9, "figures": [0, 1]}, {"id": 9, "pos": [3.98719978, 2.08319998, -4.84000015], "value": 10, "figures": [0, 2]}, {"id": 10, "pos": [3.35669994, 0.879999995, -4.84000015], "value": 11, "figures": [1, 2]}], "figures": [{"id": 0, "pos": [3.92000008, 0.170000002, -4.86999989], "type": "circle", "color": "#6CD1F5", "scale": [6.7368331, 4.20202255, 0.170912296], "rotation": [0, 0, 0]}, {"id": 1, "pos": [3.98150015, 0.169999972, -4.86999989], "type": "cube", "color": "#E9FA6E", "scale": [1.71843696, 7.81303835, 0.170912296], "rotation": [0, 0, 90]}, {"id": 2, "pos": [3.85839987, 0.375699967, -4.86999989], "type": "triangle", "color": "#FA554D", "scale": [1.32523644, 1.63471246, 0.170912296], "rotation": [0, 0, 0]}], "chips_block": [{"pos": [-2.49000001, 1.20000005, -5.30000019]}], "intersections_block": [{"pos": [-0.136600018, 0.122699976, -0.159999996]}]}	En la siguiente figura, hemos ubicado un círculo, un triángulo y un rectángulo, generando 11 puntos de intersección, donde se pide ubicar los números enteros del 1 al 11, de forma que la sumatoria de los que se ubican sobre cada figura sumen un mismo valor.	44
11	11	Easy	{"chips": [{"id": 0, "pos": [-1.11039996, 0.605400026, 0], "value": 1}, {"id": 1, "pos": [-0.105400003, 0.605400026, 0], "value": 2}, {"id": 2, "pos": [0.899600029, 0.605400026, 0], "value": 3}, {"id": 3, "pos": [-1.11039996, -0.399599999, 0], "value": 4}, {"id": 4, "pos": [-0.105400003, -0.399599999, 0], "value": 5}, {"id": 5, "pos": [0.899600029, -0.399599999, 0], "value": 6}], "nodes": [{"id": 0, "pos": [1.84889996, 0.348199993, -4.3670001], "value": 1, "figures": [0, 2]}, {"id": 1, "pos": [3.85170007, 0.348199993, -4.3670001], "value": 2, "figures": [1, 2]}, {"id": 2, "pos": [4.28509998, 1.5977, -4.3670001], "value": 3, "figures": [0, 1]}, {"id": 3, "pos": [4.91200018, -0.33129999, -4.3670001], "value": 4, "figures": [0, 1]}, {"id": 4, "pos": [5.99189997, 0.348199993, -4.3670001], "value": 5, "figures": [1, 2]}, {"id": 5, "pos": [4.94630003, 0.348199993, -4.3670001], "value": 6, "figures": [0, 2]}], "figures": [{"id": 0, "pos": [3.29620004, -0.0452999994, -4.8670001], "type": "circle", "color": "#46BDFD", "scale": [3.11511111, 2.95131302, 0.295131296], "rotation": [0, 0, 0]}, {"id": 1, "pos": [4.75939989, 0.948199987, -4.8670001], "type": "triangle", "color": "#24FF23", "scale": [0.940050483, 1.33039629, 0.0593747385], "rotation": [0, 0, 0]}, {"id": 2, "pos": [3.94850016, -0.813600004, -4.8670001], "type": "cube", "color": "#E78A4B", "scale": [1.6692493, 5.57648897, 0.114861071], "rotation": [0, 0, 90]}], "chips_block": [{"pos": [-3.92000008, 1.38, -5.19999981]}], "intersections_block": [{"pos": [-0.144499958, -0.37319994, -0.660000026]}]}	Se han graficado un círculo, un triángulo y un rectángulo entrelazados entre si, generando 6 puntos de corte, se pide ubicar allí los enteros del  1 al 6, de tal forma que los ubicados en cualquiera de las figuras sumen un valor constante.	14
21	21	Easy	{"chips": [{"id": 0, "pos": [-2.76999998, 0.629999995, 0], "value": 1}, {"id": 1, "pos": [-1.89230037, 0.630000114, 0], "value": 2}, {"id": 2, "pos": [-1.01450038, 0.630000114, 0], "value": 3}, {"id": 3, "pos": [-0.136800289, 0.630000114, 0], "value": 4}, {"id": 4, "pos": [-2.77000046, -0.247699916, 0], "value": 5}, {"id": 5, "pos": [-1.89230037, -0.247699916, 0], "value": 6}, {"id": 6, "pos": [-1.01450038, -0.247699916, 0], "value": 7}, {"id": 7, "pos": [-0.136800289, -0.247699916, 0], "value": 8}], "nodes": [{"id": 0, "pos": [5.45900059, 1.69390011, -4.15999985], "value": 1, "figures": [1, 2]}, {"id": 1, "pos": [6.56729984, 0.892700076, -4.15999985], "value": 2, "figures": [1, 2]}, {"id": 2, "pos": [6.56729984, -0.53309989, -4.15999985], "value": 3, "figures": [1, 2]}, {"id": 3, "pos": [4.12769985, 1.3992002, -4.15999985], "value": 4, "figures": [0, 2]}, {"id": 4, "pos": [3.02999997, -1.80999994, -4.15999985], "value": 5, "figures": [0, 1]}, {"id": 5, "pos": [4.12769985, -2.13279986, -4.15999985], "value": 6, "figures": [1, 2]}, {"id": 6, "pos": [3.71619987, 1.69020009, -4.15999985], "value": 7, "figures": [0, 1]}, {"id": 7, "pos": [4.12769985, -1.31719995, -4.15999985], "value": 8, "figures": [0, 2]}], "figures": [{"id": 0, "pos": [2.00259995, 0.476799995, -4.17999983], "type": "circle", "color": "#FA7362", "scale": [3.79427075, 3.77887487, 0.0944718719], "rotation": [0, 0, 0]}, {"id": 1, "pos": [3.76970005, 0.291599989, -4.17999983], "type": "pentagon", "color": "#83CCFA", "scale": [2.21196413, 0.0944718719, 1.13248038], "rotation": [0, 90, 90]}, {"id": 2, "pos": [4.54260015, -0.0153000001, -4.17999983], "type": "cube", "color": "#DAE74B", "scale": [2.4896462, 4.35819292, 0.0944718719], "rotation": [0, 0, 0]}], "chips_block": [{"pos": [-2.49000001, 1.20000005, -5.30000019]}], "intersections_block": [{"pos": [-0.818000019, 0.425000131, -0.159999996]}]}	A continuación dibujamos un hexágono, un rectángulo y un círculo, generando 8 puntos de corte entre ellos, se pide ubicar allí los enteros del 1 al 8, de forma que al sumar los ubicados en cada figura geométrica, el resultado sea el mismo.	24
10	10	Medium	{"chips": [{"id": 0, "pos": [-3.58999991, 0.689999998, 0], "value": 1}, {"id": 1, "pos": [-2.70759988, 0.690000057, 0], "value": 2}, {"id": 2, "pos": [-1.82529986, 0.690000057, 0], "value": 3}, {"id": 3, "pos": [-0.942899942, 0.690000057, 0], "value": 4}, {"id": 4, "pos": [-0.0605998039, 0.690000057, 0], "value": 5}, {"id": 5, "pos": [0.821800232, 0.690000057, 0], "value": 6}, {"id": 6, "pos": [-3.58999991, -0.192399949, 0], "value": 7}, {"id": 7, "pos": [-2.70759988, -0.192399949, 0], "value": 8}, {"id": 8, "pos": [-1.82529986, -0.192399949, 0], "value": 9}, {"id": 9, "pos": [-0.942899942, -0.192399949, 0], "value": 10}, {"id": 10, "pos": [-0.0605998039, -0.192399949, 0], "value": 11}, {"id": 11, "pos": [0.821800232, -0.192399949, 0], "value": 12}], "nodes": [{"id": 0, "pos": [4.4685998, -0.256699979, -4.36999989], "value": 1, "figures": [2, 3]}, {"id": 1, "pos": [3.4598999, 0.911800027, -4.36999989], "value": 2, "figures": [1, 2]}, {"id": 2, "pos": [5.55660009, -0.70450002, -4.36999989], "value": 3, "figures": [0, 3]}, {"id": 3, "pos": [1.94300008, -1.29629993, -4.36999989], "value": 4, "figures": [0, 2]}, {"id": 4, "pos": [7.06890011, -1.32710004, -4.36999989], "value": 5, "figures": [1, 3]}, {"id": 5, "pos": [4.51929998, -1.80620003, -4.36999989], "value": 6, "figures": [0, 1]}, {"id": 6, "pos": [4.51999998, 2.06999993, -4.36999989], "value": 7, "figures": [0, 1]}, {"id": 7, "pos": [7.0848999, 1.57279992, -4.36999989], "value": 8, "figures": [1, 3]}, {"id": 8, "pos": [1.92750001, 1.54259992, -4.36999989], "value": 9, "figures": [0, 2]}, {"id": 9, "pos": [5.56540012, 0.947299957, -4.36999989], "value": 10, "figures": [0, 3]}, {"id": 10, "pos": [3.46790004, -0.668599963, -4.36999989], "value": 11, "figures": [1, 2]}, {"id": 11, "pos": [4.46939993, 0.496199965, -4.36999989], "value": 12, "figures": [2, 3]}], "figures": [{"id": 0, "pos": [3.13000011, 0.230000004, -4.19000006], "type": "circle", "color": "#FD8446", "scale": [4.21604681, 4.21604681, 0.421604693], "rotation": [0, 0, 0]}, {"id": 1, "pos": [4.99400043, 0.229699969, -4.19000006], "type": "circle", "color": "#D3FD5E", "scale": [4.21604681, 4.21604681, 0.421604693], "rotation": [0, 0, 90]}, {"id": 2, "pos": [2.68820024, 0.218199968, -4.19000006], "type": "triangle", "color": "#23FF79", "scale": [1.27228117, 1.90051448, 0.0848187432], "rotation": [0, 0, 270]}, {"id": 3, "pos": [5.33689976, 0.217899978, -4.19000006], "type": "triangle", "color": "#FA64F3", "scale": [1.27228117, 1.90051448, 0.0848187432], "rotation": [0, 0, 90]}], "chips_block": [{"pos": [-2.49000001, 1.20000005, -5.30000019]}], "intersections_block": [{"pos": [-0.382799864, 0.0738999844, -0.159999996]}]}	Se han entrelazado dos triángulos y dos círculos, como se muestra en la figura, generando doce puntos de corte, donde se han ubicado círculos pequeños, se pide ubicar en esos círculos pequeños los números enteros del 1 al 12, de forma que al sumar los que se encuentren en cada figura, el resultado sea un mismo valor. 	39
9	9	Medium	{"chips": [{"id": 0, "pos": [-2.99000001, 0.790000021, 0], "value": 1}, {"id": 1, "pos": [-2.10650015, 0.7900002, 0], "value": 2}, {"id": 2, "pos": [-1.22290015, 0.7900002, 0], "value": 3}, {"id": 3, "pos": [-0.339300156, 0.7900002, 0], "value": 4}, {"id": 4, "pos": [0.544199944, 0.7900002, 0], "value": 5}, {"id": 5, "pos": [1.42779994, 0.7900002, 0], "value": 6}, {"id": 6, "pos": [-2.99000025, -0.0934998095, 0], "value": 7}, {"id": 7, "pos": [-2.10650015, -0.0934998095, 0], "value": 8}, {"id": 8, "pos": [-1.22290015, -0.0934998095, 0], "value": 9}, {"id": 9, "pos": [-0.339300156, -0.0934998095, 0], "value": 10}, {"id": 10, "pos": [0.544199944, -0.0934998095, 0], "value": 11}, {"id": 11, "pos": [1.42779994, -0.0934998095, 0], "value": 12}], "nodes": [{"id": 0, "pos": [2.86439991, 2.20619988, -4.30000019], "value": 1, "figures": [0, 1]}, {"id": 1, "pos": [4.88569975, -1.63390005, -4.30000019], "value": 2, "figures": [0, 1]}, {"id": 2, "pos": [2.1027, -0.221900046, -4.30000019], "value": 3, "figures": [0, 2]}, {"id": 3, "pos": [5.7112999, 1.81399989, -4.30000019], "value": 4, "figures": [0, 2]}, {"id": 4, "pos": [4.20269966, 1.23230004, -4.30000019], "value": 5, "figures": [1, 2]}, {"id": 5, "pos": [4.14919996, -0.476100057, -4.30000019], "value": 6, "figures": [1, 2]}, {"id": 6, "pos": [4.95849991, 0.635599971, -4.30000019], "value": 7, "figures": [1, 2]}, {"id": 7, "pos": [3.41109991, 0.684099913, -4.30000019], "value": 8, "figures": [1, 2]}, {"id": 8, "pos": [5.38489962, 2.12360001, -4.30000019], "value": 9, "figures": [0, 2]}, {"id": 9, "pos": [3.33949995, -1.58840013, -4.30000019], "value": 10, "figures": [0, 2]}, {"id": 10, "pos": [6.19999981, -0.344700038, -4.30000019], "value": 11, "figures": [0, 1]}, {"id": 11, "pos": [2.51999998, 1.91999996, -4.30000019], "value": 12, "figures": [0, 1]}], "figures": [{"id": 0, "pos": [4.11000013, 0.419999987, -4.23999977], "type": "circle", "color": "#71FD5E", "scale": [4.32859516, 4.32859516, 0.43285951], "rotation": [0, 0, 0]}, {"id": 1, "pos": [4.11859989, 0.540700018, -4.23999977], "type": "triangle", "color": "#F37C3D", "scale": [0.80080086, 2.90424848, 0.111878283], "rotation": [0, 0, 42.083477]}, {"id": 2, "pos": [4.11859989, 0.540700018, -4.23999977], "type": "triangle", "color": "#23F4FF", "scale": [0.80080086, 2.90424848, 0.111878283], "rotation": [0, 0, 314.32489]}], "chips_block": [{"pos": [-3.26999998, 1.20000005, -5.30000019]}], "intersections_block": [{"pos": [0, 0, -0.159999996]}]}	Se presentan dos triángulos y un circulo, que entrelazados generan doce puntos de corte, se pide ubicar allí los números del 1 al 12, de forma que al sumar los que se encuentran sobre cualquiera de las figuras geométricas, sus sumas respectivas presenten como resultado un mismo valor.	52
8	8	Hard	{"chips": [{"id": 0, "pos": [-3.66000009, 0.680000007, 0], "value": 7}, {"id": 1, "pos": [-2.7737, 0.680000007, 0], "value": 14}, {"id": 2, "pos": [-1.88750005, 0.680000007, 0], "value": 21}, {"id": 3, "pos": [-1.00129998, 0.680000007, 0], "value": 28}, {"id": 4, "pos": [-0.11500001, 0.680000007, 0], "value": 35}, {"id": 5, "pos": [0.771199942, 0.680000007, 0], "value": 42}, {"id": 6, "pos": [-3.65999985, -0.206200004, 0], "value": 49}, {"id": 7, "pos": [-2.7737, -0.206200004, 0], "value": 56}, {"id": 8, "pos": [-1.88750005, -0.206200004, 0], "value": 63}, {"id": 9, "pos": [-1.00129998, -0.206200004, 0], "value": 70}, {"id": 10, "pos": [-0.11500001, -0.206200004, 0], "value": 77}, {"id": 11, "pos": [0.771199942, -0.206200004, 0], "value": 84}], "nodes": [{"id": 0, "pos": [2.39699984, 1.24070001, -4.53999996], "value": 7, "figures": [0, 3]}, {"id": 1, "pos": [3.13669991, 0.549299955, -4.53999996], "value": 14, "figures": [0, 1]}, {"id": 2, "pos": [3.81569982, -0.0209999681, -4.53999996], "value": 21, "figures": [0, 2]}, {"id": 3, "pos": [3.86380029, 0.840399981, -4.53999996], "value": 28, "figures": [1, 2]}, {"id": 4, "pos": [3.81569982, -0.772799969, -4.53999996], "value": 35, "figures": [2, 3]}, {"id": 5, "pos": [5.67199993, 0.417800009, -4.53999996], "value": 42, "figures": [1, 3]}, {"id": 6, "pos": [2.27600002, 0.14289999, -4.53999996], "value": 49, "figures": [1, 3]}, {"id": 7, "pos": [5.38990021, 1.1967001, -4.53999996], "value": 56, "figures": [2, 3]}, {"id": 8, "pos": [3.81569982, -2.07609987, -4.53999996], "value": 63, "figures": [1, 2]}, {"id": 9, "pos": [3.81569982, -1.52499998, -4.53999996], "value": 70, "figures": [0, 2]}, {"id": 10, "pos": [2.30999994, -1.5, -4.53999996], "value": 77, "figures": [0, 1]}, {"id": 11, "pos": [4.73769951, -0.772799969, -4.53999996], "value": 84, "figures": [0, 3]}], "figures": [{"id": 0, "pos": [5.57830048, -1.55349994, -4.38000011], "type": "triangle_polyshape", "color": "#2DF368", "scale": [1.11127102, 1.50946212, 0.826236725], "rotation": [0, 90, 90]}, {"id": 1, "pos": [4.22009945, -0.688699961, -4.38000011], "type": "pentagon", "color": "#EC5656", "scale": [1.50946212, 0.30189243, 1.27187276], "rotation": [0, 90, 90]}, {"id": 2, "pos": [5.5632, -0.688699961, -4.38000011], "type": "cube", "color": "#CC41F3", "scale": [3.5327456, 3.77087259, 0.30189243], "rotation": [0, 0, 0]}, {"id": 3, "pos": [3.8111999, 0.60529995, -4.38000011], "type": "cylinder", "color": "#60EFF5", "scale": [1.03950739, 1.50946212, 0.646132827], "rotation": [90, 0, 0]}], "chips_block": [{"pos": [-2.49000001, 1.20000005, -5.30000019]}], "intersections_block": [{"pos": [0, 0, -0.159999996]}]}	Presentamos aquí cuatro figuras geométricas distintas, un triángulo, un\ncuadrado, un pentágono y un hexágono entrecruzados, generando 12 puntos de corte, se pide ubicar en esos puntos de corte los doce primeros múltiplos de 7, de forma que los ubicados en cualquiera de las cuatro figuras, sumen un mismo valor.	273
13	13	Hard	{"chips": [{"id": 0, "pos": [-3.5999999, 0.620000005, 0], "value": 1}, {"id": 1, "pos": [-2.71650004, 0.619999886, 0], "value": 2}, {"id": 2, "pos": [-1.83300006, 0.619999886, 0], "value": 3}, {"id": 3, "pos": [-0.949500084, 0.619999886, 0], "value": 4}, {"id": 4, "pos": [-0.0659999847, 0.619999886, 0], "value": 5}, {"id": 5, "pos": [0.817599773, 0.619999886, 0], "value": 6}, {"id": 6, "pos": [-3.60000014, -0.263500124, 0], "value": 7}, {"id": 7, "pos": [-2.71650004, -0.263500124, 0], "value": 8}, {"id": 8, "pos": [-1.83300006, -0.263500124, 0], "value": 9}, {"id": 9, "pos": [-0.949500084, -0.263500124, 0], "value": 10}, {"id": 10, "pos": [-0.0659999847, -0.263500124, 0], "value": 11}, {"id": 11, "pos": [0.817599773, -0.263500124, 0], "value": 12}], "nodes": [{"id": 0, "pos": [2.42000008, 1.72000003, -4.30000019], "value": 1, "figures": [0, 2]}, {"id": 1, "pos": [4.16250038, 1.30660009, -4.30000019], "value": 2, "figures": [2, 3]}, {"id": 2, "pos": [4.30000019, 0.720000029, -4.30000019], "value": 3, "figures": [1, 3]}, {"id": 3, "pos": [4.5999999, 0.0199999996, -4.30000019], "value": 4, "figures": [0, 3]}, {"id": 4, "pos": [3.26999998, -0.140000001, -4.30000019], "value": 5, "figures": [0, 1]}, {"id": 5, "pos": [5.48799992, -1.29700005, -4.30000019], "value": 6, "figures": [1, 2]}, {"id": 6, "pos": [5.82800007, 0.698000014, -4.30000019], "value": 7, "figures": [1, 2]}, {"id": 7, "pos": [5.3499999, 0.671000004, -4.30000019], "value": 8, "figures": [0, 1]}, {"id": 8, "pos": [5.35859966, 2.11560011, -4.30000019], "value": 9, "figures": [0, 3]}, {"id": 9, "pos": [6.11399984, 0.372000009, -4.30000019], "value": 10, "figures": [1, 3]}, {"id": 10, "pos": [5.70100021, 0.105999999, -4.30000019], "value": 11, "figures": [2, 3]}, {"id": 11, "pos": [5.4380002, 1.13499999, -4.30000019], "value": 12, "figures": [0, 2]}], "figures": [{"id": 0, "pos": [3.91339993, 1.28690028, -4.19999981], "type": "circle", "color": "#2E9EEE", "scale": [3.22586608, 2.93102193, 0.322586626], "rotation": [0, 0, 0]}, {"id": 1, "pos": [4.92300034, -0.279499948, -4.19999981], "type": "circle", "color": "#F35151", "scale": [3.22586608, 2.24423504, 0.322586626], "rotation": [0, 0, 0]}, {"id": 2, "pos": [0.683899999, 2.13990021, -4.19999981], "type": "triangle_polyshape", "color": "#EEE850", "scale": [1.02856791, 1.45583344, 0.884944022], "rotation": [348.134705, 270, 270]}, {"id": 3, "pos": [5.18099976, 0.623700023, -4.19999981], "type": "triangle", "color": "#2FFF23", "scale": [1.25065196, 1.25065196, 0.0833767951], "rotation": [0, 0, 166.165146]}], "chips_block": [{"pos": [-2.49000001, 1.20000005, -5.30000019]}], "intersections_block": [{"pos": [0, 0, -0.159999996]}]}	Se han dibujado dos elipses y dos triángulos entrelazados entre sí de tal forma que generan 12 puntos de corte, se pide ubicar allí, los  números enteros del 1 al 12, de tal forma que al sumar los que se encuentran en cualquiera de las figuras geométricas, el resultado es un valor constante.	39
6	6	Hard	{"chips": [{"id": 0, "pos": [-3.69000006, 1.09000003, 0], "value": 1}, {"id": 1, "pos": [-2.80720043, 1.08999991, 0], "value": 2}, {"id": 2, "pos": [-1.92450023, 1.08999991, 0], "value": 3}, {"id": 3, "pos": [-1.04170036, 1.08999991, 0], "value": 4}, {"id": 4, "pos": [-0.158900261, 1.08999991, 0], "value": 5}, {"id": 5, "pos": [0.723899603, 1.08999991, 0], "value": 6}, {"id": 6, "pos": [-3.6900003, 0.207199842, 0], "value": 7}, {"id": 7, "pos": [-2.80720043, 0.207199842, 0], "value": 8}, {"id": 8, "pos": [-1.92450023, 0.207199842, 0], "value": 9}, {"id": 9, "pos": [-1.04170036, 0.207199842, 0], "value": 10}, {"id": 10, "pos": [-0.158900261, 0.207199842, 0], "value": 11}, {"id": 11, "pos": [0.723899603, 0.207199842, 0], "value": 12}, {"id": 12, "pos": [-2.81250024, -0.675600171, 0], "value": 13}, {"id": 13, "pos": [-1.92980027, -0.675600171, 0], "value": 14}, {"id": 14, "pos": [-1.04700029, -0.675600171, 0], "value": 15}, {"id": 15, "pos": [-0.164200306, -0.675600171, 0], "value": 16}], "nodes": [{"id": 0, "pos": [0.350599885, 1.02210009, -4.57000017], "value": 1, "figures": [0, 2]}, {"id": 1, "pos": [3.98000002, 1.76999998, -4.57000017], "value": 2, "figures": [0, 1]}, {"id": 2, "pos": [3.49529982, 1.02210009, -4.57000017], "value": 3, "figures": [1, 2]}, {"id": 3, "pos": [4.44089985, -0.498299956, -4.57000017], "value": 4, "figures": [0, 2]}, {"id": 4, "pos": [4.72659969, 0.582100034, -4.57000017], "value": 5, "figures": [0, 3]}, {"id": 5, "pos": [4.33829975, -0.099799931, -4.57000017], "value": 6, "figures": [2, 3]}, {"id": 6, "pos": [3.36509991, 0.582100034, -4.57000017], "value": 7, "figures": [1, 3]}, {"id": 7, "pos": [7.6782999, 0.542299986, -4.57000017], "value": 8, "figures": [1, 3]}, {"id": 8, "pos": [7.69829988, -0.109899938, -4.57000017], "value": 9, "figures": [1, 3]}, {"id": 9, "pos": [3.3499999, -0.0846999288, -4.57000017], "value": 10, "figures": [1, 3]}, {"id": 10, "pos": [4.32319975, 0.582100034, -4.57000017], "value": 11, "figures": [2, 3]}, {"id": 11, "pos": [4.71479988, -0.099799931, -4.57000017], "value": 12, "figures": [0, 3]}, {"id": 12, "pos": [4.46539974, 1.02079999, -4.57000017], "value": 13, "figures": [0, 2]}, {"id": 13, "pos": [3.48279977, -0.481399953, -4.57000017], "value": 14, "figures": [1, 2]}, {"id": 14, "pos": [3.98000002, -1.33019996, -4.57000017], "value": 15, "figures": [0, 1]}, {"id": 15, "pos": [0.322499871, -0.427599967, -4.57000017], "value": 16, "figures": [0, 2]}], "figures": [{"id": 0, "pos": [2.38349986, 0.219800055, -4.5999999], "type": "circle", "color": "#FFE079", "scale": [4.50205755, 4.34819746, 0.195261985], "rotation": [4.50205755, 4.34819746, 0.195261985]}, {"id": 1, "pos": [5.48509979, 0.219800055, -4.5999999], "type": "circle", "color": "#2EC558", "scale": [4.41594696, 4.34819746, 0.195261985], "rotation": [0, 0, 0]}, {"id": 2, "pos": [2.32669997, 0.281900048, -4.5999999], "type": "cube", "color": "#E95919", "scale": [4.14275217, 1.48046565, 0.195261985], "rotation": [0, 0, 0]}, {"id": 3, "pos": [5.49489975, 0.229400039, -4.5999999], "type": "cube", "color": "#FFE900", "scale": [4.32948589, 0.705782235, 0.195261985], "rotation": [0, 0, 0]}], "chips_block": [{"pos": [-2.49000001, 1.20000005, -5.30000019]}], "intersections_block": [{"pos": [0, 0, -0.3]}]}	Se presentan dos círculos y dos rectángulos entrelazados, generando 16\npuntos de intersección, se pide ubicar en esos puntos, los números del 1 al 16, sin\nrepetición, de forma que los que se ubiquen sobre cada figura geométrica sumen un mismo\nvalor.	68
3	3	Hard	{"chips": [{"id": 0, "pos": [-3.67000008, 0.560000002, 0], "value": 1}, {"id": 1, "pos": [-2.78869963, 0.560000062, 0], "value": 2}, {"id": 2, "pos": [-1.90749955, 0.560000062, 0], "value": 3}, {"id": 3, "pos": [-1.02619958, 0.560000062, 0], "value": 4}, {"id": 4, "pos": [-0.144999623, 0.560000062, 0], "value": 5}, {"id": 5, "pos": [0.736300468, 0.560000062, 0], "value": 6}, {"id": 6, "pos": [-3.6699996, -0.32129997, 0], "value": 7}, {"id": 7, "pos": [-2.78869963, -0.32129997, 0], "value": 8}, {"id": 8, "pos": [-1.90749955, -0.32129997, 0], "value": 9}, {"id": 9, "pos": [-1.02619958, -0.32129997, 0], "value": 10}, {"id": 10, "pos": [-0.144999623, -0.32129997, 0], "value": 11}, {"id": 11, "pos": [0.736300468, -0.32129997, 0], "value": 12}], "nodes": [{"id": 0, "pos": [4.1644001, 0.600600004, -4.88000011], "value": 1, "figures": [0, 1]}, {"id": 1, "pos": [2.68760014, -0.49180001, -4.88000011], "value": 2, "figures": [0, 3]}, {"id": 2, "pos": [3.52400017, 0.600600004, -4.88000011], "value": 3, "figures": [0, 2]}, {"id": 3, "pos": [3.84420013, -0.746399999, -4.88000011], "value": 4, "figures": [1, 2]}, {"id": 4, "pos": [4.16880035, -0.0289000273, -4.88000011], "value": 5, "figures": [1, 3]}, {"id": 5, "pos": [5.48799992, -1.3434, -4.88000011], "value": 6, "figures": [2, 3]}, {"id": 6, "pos": [3.52100015, -0.0364999771, -4.88000011], "value": 7, "figures": [2, 3]}, {"id": 7, "pos": [2.23810005, -1.35089993, -4.88000011], "value": 8, "figures": [1, 3]}, {"id": 8, "pos": [3.80260015, 1.29519999, -4.88000011], "value": 9, "figures": [1, 2]}, {"id": 9, "pos": [4.59220028, -1.28410006, -4.88000011], "value": 10, "figures": [0, 2]}, {"id": 10, "pos": [5.06410027, -0.51669997, -4.88000011], "value": 11, "figures": [0, 3]}, {"id": 11, "pos": [3.16000009, -1.25999999, -4.88000011], "value": 12, "figures": [0, 1]}], "figures": [{"id": 0, "pos": [3.9000001, -0.119999997, -4.88700008], "type": "prism3", "color": "#F3FF23", "scale": [1.2810756, 1.2810756, 0.0854050517], "rotation": [0, 0, 180]}, {"id": 1, "pos": [2.58130026, 1.05310011, -4.88700008], "type": "circle", "color": "#288BBC", "scale": [3.25393867, 3.25393867, 0.216929257], "rotation": [0, 0, 0]}, {"id": 2, "pos": [5.14140081, 1.05310011, -4.88700008], "type": "circle", "color": "#BC382D", "scale": [3.25393867, 3.25393867, 0.216929257], "rotation": [0, 0, 0]}, {"id": 3, "pos": [3.88060021, -0.844500005, -4.88700008], "type": "circle", "color": "#47AD4E", "scale": [3.25393867, 3.25393867, 0.216929257], "rotation": [0, 0, 0]}], "chips_block": [{"pos": [-2.49000001, 1.20000005, -5.30000019]}], "intersections_block": [{"pos": [0, 0.787100017, -0.159999996]}]}	En el grafico tenemos tres círculos y un triángulo que se intersecan entre sí en 12 puntos, se pide colocar en cada uno de ellos, sin repetición números del 1 al 12, de forma que los seis que están sobre el borde de cada circunferencia, así como los cuatro que están a en cada lado del triángulo, sumen todos un valor constante.	39
14	14	Hard	{"chips": [{"id": 0, "pos": [-3.6500001, 1.08000004, 0], "value": 1}, {"id": 1, "pos": [-2.77090025, 1.08000004, 0], "value": 2}, {"id": 2, "pos": [-1.89180017, 1.08000004, 0], "value": 3}, {"id": 3, "pos": [-1.0127002, 1.08000004, 0], "value": 4}, {"id": 4, "pos": [-0.133700132, 1.08000004, 0], "value": 5}, {"id": 5, "pos": [0.745399714, 1.08000004, 0], "value": 6}, {"id": 6, "pos": [-3.6500001, 0.20100002, 0], "value": 7}, {"id": 7, "pos": [-2.77090025, 0.20100002, 0], "value": 8}, {"id": 8, "pos": [-1.89180017, 0.20100002, 0], "value": 9}, {"id": 9, "pos": [-1.0127002, 0.20100002, 0], "value": 10}, {"id": 10, "pos": [-0.133700132, 0.20100002, 0], "value": 11}, {"id": 11, "pos": [0.745399714, 0.20100002, 0], "value": 12}, {"id": 12, "pos": [-3.6500001, -0.67809999, 0], "value": 13}, {"id": 13, "pos": [-2.77090025, -0.67809999, 0], "value": 14}, {"id": 14, "pos": [-1.89180017, -0.67809999, 0], "value": 15}], "nodes": [{"id": 0, "pos": [5.04080009, -1.23370004, -4.56840038], "value": 1, "figures": [1, 2]}, {"id": 1, "pos": [5.92309999, 0.690299988, -4.63999987], "value": 2, "figures": [0, 2]}, {"id": 2, "pos": [4.44299984, 1.05060005, -4.56840038], "value": 3, "figures": [0, 3]}, {"id": 3, "pos": [2.16479993, 0.675099969, -4.63999987], "value": 4, "figures": [0, 1]}, {"id": 4, "pos": [3.88909984, -0.452100039, -4.56840038], "value": 5, "figures": [1, 2]}, {"id": 5, "pos": [7.34929943, -1.18560004, -4.63999987], "value": 6, "figures": [0, 2]}, {"id": 6, "pos": [0.839999914, -1.17379999, -4.63999987], "value": 7, "figures": [0, 1]}, {"id": 7, "pos": [5.6420002, -1.2299, -4.56840038], "value": 8, "figures": [2, 3]}, {"id": 8, "pos": [2.66299987, -1.23370004, -4.56840038], "value": 9, "figures": [1, 2]}, {"id": 9, "pos": [2.12649989, -1.227, -4.56840038], "value": 10, "figures": [1, 3]}, {"id": 10, "pos": [0.839999974, -0.310000002, -4.63999987], "value": 11, "figures": [0, 1]}, {"id": 11, "pos": [3.33839989, 1.02869987, -4.56840038], "value": 12, "figures": [0, 3]}, {"id": 12, "pos": [2.91619992, 0.202799976, -4.56840038], "value": 13, "figures": [1, 3]}, {"id": 13, "pos": [4.88840008, 0.134599984, -4.56840038], "value": 14, "figures": [2, 3]}, {"id": 14, "pos": [7.34929943, -0.365500033, -4.63999987], "value": 15, "figures": [0, 2]}], "figures": [{"id": 0, "pos": [4.16149998, -0.330000013, -4.69449997], "type": "circle", "color": "#D5F56C", "scale": [6.80888939, 4.24696732, 0.46741879], "rotation": [0, 0, 0]}, {"id": 1, "pos": [5.16820002, -0.610700011, -4.54750013], "type": "triangle_polyshape", "color": "#65FD70", "scale": [0.754246235, 0.981110275, 0.716669083], "rotation": [0, 90, 90]}, {"id": 2, "pos": [2.51169991, -0.610700011, -4.54750013], "type": "triangle_polyshape", "color": "#7CB5FA", "scale": [0.747865915, 0.981110275, 0.814649045], "rotation": [0, 270, 90]}, {"id": 3, "pos": [3.92470002, 1.05569994, -4.54750013], "type": "triangle", "color": "#FA6951", "scale": [1.25932264, 1.40206635, 0.120810583], "rotation": [0, 0, 0]}], "chips_block": [{"pos": [-2.49000001, 1.20000005, -5.30000019]}], "intersections_block": [{"pos": [0, 0.672199965, -0.529999971]}]}	Se han construido tres triángulos y una elipse, entrelazadas entre si, de forma que se generan 15 puntos de corte, se pide ubicar en esos puntos los primeros quince enteros, del uno al quince, de forma que, al sumar los ubicados en cualquiera de la cuatro figuras geométricas, el resultado sea un mismo valor.	60
17	17	Hard	{"chips": [{"id": 0, "pos": [-3.66000009, 0.689999998, 0], "value": 7}, {"id": 1, "pos": [-2.77260017, 0.689999998, 0], "value": 14}, {"id": 2, "pos": [-1.88530016, 0.689999998, 0], "value": 21}, {"id": 3, "pos": [-0.997900248, 0.689999998, 0], "value": 28}, {"id": 4, "pos": [-0.110600233, 0.689999998, 0], "value": 35}, {"id": 5, "pos": [0.776799917, 0.689999998, 0], "value": 42}, {"id": 6, "pos": [-2.72290015, -0.197400004, 0], "value": 49}, {"id": 7, "pos": [-1.83560014, -0.197400004, 0], "value": 56}, {"id": 8, "pos": [-0.948200226, -0.197400004, 0], "value": 63}, {"id": 9, "pos": [-0.0609002113, -0.197400004, 0], "value": 70}], "nodes": [{"id": 0, "pos": [1.48860002, -0.6523, -3.79699993], "value": 7, "figures": [0, 1, 2]}, {"id": 1, "pos": [2.0474999, -2.023, -3.79699993], "value": 14, "figures": [0, 2]}, {"id": 2, "pos": [4.2256999, -0.6523, -3.79699993], "value": 21, "figures": [0, 1, 2]}, {"id": 3, "pos": [3.6249001, -2.01290011, -3.79699993], "value": 28, "figures": [0, 2]}, {"id": 4, "pos": [2.48189998, 2.07240009, -3.79699993], "value": 35, "figures": [0, 2]}, {"id": 5, "pos": [3.23589993, 2.06279993, -3.79699993], "value": 42, "figures": [0, 2]}, {"id": 6, "pos": [3.66939998, 0.873700023, -3.79699993], "value": 49, "figures": [1, 2]}, {"id": 7, "pos": [1.48979998, 0.874599993, -3.79699993], "value": 56, "figures": [0, 1]}, {"id": 8, "pos": [4.21280003, 0.852800012, -3.79699993], "value": 63, "figures": [0, 1]}, {"id": 9, "pos": [2.04489994, 0.873700023, -3.79699993], "value": 70, "figures": [1, 2]}], "figures": [{"id": 0, "pos": [3.98000002, -0.170000002, -4.65999985], "type": "circle", "color": "#F57A6C", "scale": [2.97565031, 4.51917505, 0.085177049], "rotation": [0, 0, 0]}, {"id": 1, "pos": [4.07420015, 0.0722999722, -4.65999985], "type": "cube", "color": "#E9FA6E", "scale": [1.54753709, 4.80349398, 0.085177049], "rotation": [0, 0, 90]}, {"id": 2, "pos": [4.0065999, 0.507099926, -4.65999985], "type": "triangle", "color": "#4DACFA", "scale": [1.32090831, 2.22804642, 0.085177049], "rotation": [0, 0, 0]}], "chips_block": [{"pos": [-2.49000001, 1.20000005, -5.30000019]}], "intersections_block": [{"pos": [1.11000013, -0.0500000119, -1.12]}]}	Se han construido un triángulo, una elipse y un rectángulo, tal como se muestra en la figura, generando 10 puntos de corte, se pide ubicar allí los primeros diez múltiples de 7, de forma que al sumar los que están en cualquiera de las tres figuras geométricas, el resultado sea un mismo valor.	266
\.


--
-- Data for Name: user_achievements; Type: TABLE DATA; Schema: public; Owner: -
--

COPY public.user_achievements (user_id, achievement_id, unlocked, date_unlocked, current) FROM stdin;
80	1	t	2026-04-27 05:04:59.840518	\N
19	14	t	2026-04-09 01:54:16.058389	5
62	5	f	\N	\N
58	5	f	\N	\N
59	5	f	\N	\N
60	5	t	2026-04-21 15:47:55.039921	\N
61	5	f	\N	\N
64	5	t	2026-04-21 15:47:55.039921	\N
65	5	f	\N	\N
67	5	f	\N	\N
68	5	f	\N	\N
69	5	f	\N	\N
20	5	f	\N	\N
21	5	f	\N	\N
44	5	t	2026-04-21 15:47:55.039921	\N
45	5	t	2026-04-21 15:47:55.039921	\N
57	5	f	\N	\N
70	5	t	2026-04-21 15:47:55.039921	\N
78	5	f	\N	\N
22	5	t	2026-04-21 15:47:55.039921	\N
24	5	f	\N	\N
46	5	f	\N	\N
53	5	f	\N	\N
71	5	f	\N	\N
54	5	t	2026-04-21 15:47:55.039921	\N
51	5	f	\N	\N
50	5	f	\N	\N
49	5	t	2026-04-21 15:47:55.039921	\N
48	5	f	\N	\N
47	5	f	\N	\N
26	5	t	2026-04-21 15:47:55.039921	\N
25	5	t	2026-04-21 15:47:55.039921	\N
23	5	f	\N	\N
19	5	f	\N	\N
77	5	f	\N	\N
72	5	f	\N	\N
27	5	f	\N	\N
103	5	f	\N	\N
80	5	f	\N	\N
81	5	f	\N	\N
82	5	f	\N	\N
85	5	f	\N	\N
86	5	f	\N	\N
83	5	t	2026-04-21 15:47:55.039921	\N
87	5	f	\N	\N
91	5	f	\N	\N
92	5	f	\N	\N
93	5	t	2026-04-21 15:47:55.039921	\N
95	5	f	\N	\N
98	5	f	\N	\N
99	5	f	\N	\N
101	5	t	2026-04-21 15:47:55.039921	\N
102	5	f	\N	\N
62	6	f	\N	\N
58	6	t	2026-04-21 15:47:55.039921	\N
59	6	f	\N	\N
60	6	f	\N	\N
61	6	f	\N	\N
64	6	f	\N	\N
65	6	f	\N	\N
67	6	f	\N	\N
68	6	t	2026-04-21 15:47:55.039921	\N
69	6	t	2026-04-21 15:47:55.039921	\N
20	6	f	\N	\N
21	6	f	\N	\N
44	6	t	2026-04-21 15:47:55.039921	\N
45	6	f	\N	\N
57	6	t	2026-04-21 15:47:55.039921	\N
70	6	f	\N	\N
78	6	f	\N	\N
22	6	f	\N	\N
24	6	f	\N	\N
46	6	f	\N	\N
53	6	t	2026-04-21 15:47:55.039921	\N
71	6	f	\N	\N
54	6	f	\N	\N
51	6	f	\N	\N
50	6	f	\N	\N
49	6	f	\N	\N
48	6	f	\N	\N
47	6	f	\N	\N
26	6	f	\N	\N
25	6	t	2026-04-21 15:47:55.039921	\N
23	6	t	2026-04-21 15:47:55.039921	\N
19	6	f	\N	\N
77	6	f	\N	\N
72	6	f	\N	\N
27	6	f	\N	\N
103	6	f	\N	\N
80	6	f	\N	\N
81	6	t	2026-04-21 15:47:55.039921	\N
82	6	t	2026-04-21 15:47:55.039921	\N
85	6	f	\N	\N
86	6	f	\N	\N
83	6	f	\N	\N
87	6	f	\N	\N
91	6	f	\N	\N
92	6	f	\N	\N
93	6	t	2026-04-21 15:47:55.039921	\N
95	6	f	\N	\N
98	6	f	\N	\N
99	6	f	\N	\N
101	6	t	2026-04-21 15:47:55.039921	\N
102	6	f	\N	\N
62	7	f	\N	\N
58	7	f	\N	\N
59	7	f	\N	\N
60	7	f	\N	\N
61	7	t	2026-04-21 15:47:55.039921	\N
64	7	t	2026-04-21 15:47:55.039921	\N
65	7	t	2026-04-21 15:47:55.039921	\N
67	7	f	\N	\N
68	7	f	\N	\N
69	7	f	\N	\N
20	7	f	\N	\N
21	7	f	\N	\N
44	7	f	\N	\N
45	7	f	\N	\N
57	7	t	2026-04-21 15:47:55.039921	\N
70	7	f	\N	\N
78	7	t	2026-04-21 15:47:55.039921	\N
22	7	f	\N	\N
24	7	f	\N	\N
46	7	f	\N	\N
53	7	t	2026-04-21 15:47:55.039921	\N
71	7	t	2026-04-21 15:47:55.039921	\N
54	7	f	\N	\N
51	7	f	\N	\N
50	7	f	\N	\N
49	7	f	\N	\N
48	7	f	\N	\N
47	7	t	2026-04-21 15:47:55.039921	\N
26	7	f	\N	\N
25	7	f	\N	\N
23	7	f	\N	\N
19	7	t	2026-04-21 15:47:55.039921	\N
77	7	f	\N	\N
72	7	f	\N	\N
27	7	f	\N	\N
103	7	f	\N	\N
80	7	t	2026-04-21 15:47:55.039921	\N
81	7	f	\N	\N
82	7	f	\N	\N
85	7	f	\N	\N
86	7	f	\N	\N
83	7	t	2026-04-21 15:47:55.039921	\N
87	7	f	\N	\N
91	7	t	2026-04-21 15:47:55.039921	\N
92	7	f	\N	\N
93	7	f	\N	\N
95	7	f	\N	\N
98	7	t	2026-04-21 15:47:55.039921	\N
99	7	f	\N	\N
101	7	t	2026-04-21 15:47:55.039921	\N
102	7	f	\N	\N
62	8	t	2026-04-21 15:47:55.039921	\N
58	8	t	2026-04-21 15:47:55.039921	\N
59	8	f	\N	\N
60	8	f	\N	\N
61	8	t	2026-04-21 15:47:55.039921	\N
64	8	f	\N	\N
65	8	t	2026-04-21 15:47:55.039921	\N
67	8	f	\N	\N
68	8	f	\N	\N
69	8	f	\N	\N
20	8	f	\N	\N
21	8	t	2026-04-21 15:47:55.039921	\N
44	8	f	\N	\N
45	8	f	\N	\N
57	8	t	2026-04-21 15:47:55.039921	\N
70	8	f	\N	\N
78	8	f	\N	\N
22	8	t	2026-04-21 15:47:55.039921	\N
24	8	f	\N	\N
46	8	f	\N	\N
53	8	f	\N	\N
71	8	t	2026-04-21 15:47:55.039921	\N
54	8	t	2026-04-21 15:47:55.039921	\N
51	8	f	\N	\N
50	8	f	\N	\N
49	8	f	\N	\N
48	8	f	\N	\N
47	8	f	\N	\N
26	8	f	\N	\N
25	8	f	\N	\N
23	8	f	\N	\N
19	8	f	\N	\N
77	8	f	\N	\N
72	8	t	2026-04-21 15:47:55.039921	\N
27	8	f	\N	\N
103	8	f	\N	\N
80	8	f	\N	\N
81	8	f	\N	\N
82	8	f	\N	\N
85	8	f	\N	\N
86	8	t	2026-04-21 15:47:55.039921	\N
83	8	f	\N	\N
87	8	t	2026-04-21 15:47:55.039921	\N
91	8	t	2026-04-21 15:47:55.039921	\N
92	8	f	\N	\N
93	8	f	\N	\N
95	8	t	2026-04-21 15:47:55.039921	\N
98	8	f	\N	\N
99	8	f	\N	\N
101	8	t	2026-04-21 15:47:55.039921	\N
102	8	f	\N	\N
62	9	f	\N	\N
58	9	t	2026-04-21 15:47:55.039921	\N
59	9	f	\N	\N
60	9	f	\N	\N
61	9	f	\N	\N
64	9	f	\N	\N
65	9	f	\N	\N
67	9	t	2026-04-21 15:47:55.039921	\N
68	9	t	2026-04-21 15:47:55.039921	\N
69	9	f	\N	\N
20	9	f	\N	\N
21	9	f	\N	\N
44	9	f	\N	\N
45	9	t	2026-04-21 15:47:55.039921	\N
57	9	t	2026-04-21 15:47:55.039921	\N
70	9	f	\N	\N
78	9	f	\N	\N
22	9	f	\N	\N
24	9	f	\N	\N
46	9	f	\N	\N
53	9	t	2026-04-21 15:47:55.039921	\N
71	9	f	\N	\N
54	9	t	2026-04-21 15:47:55.039921	\N
51	9	t	2026-04-21 15:47:55.039921	\N
50	9	f	\N	\N
49	9	f	\N	\N
48	9	f	\N	\N
47	9	f	\N	\N
26	9	f	\N	\N
25	9	f	\N	\N
23	9	f	\N	\N
19	9	f	\N	\N
77	9	t	2026-04-21 15:47:55.039921	\N
72	9	f	\N	\N
27	9	f	\N	\N
103	9	f	\N	\N
80	9	f	\N	\N
81	9	f	\N	\N
82	9	f	\N	\N
85	9	t	2026-04-21 15:47:55.039921	\N
86	9	f	\N	\N
83	9	f	\N	\N
87	9	t	2026-04-21 15:47:55.039921	\N
91	9	f	\N	\N
92	9	f	\N	\N
93	9	f	\N	\N
95	9	t	2026-04-21 15:47:55.039921	\N
98	9	t	2026-04-21 15:47:55.039921	\N
99	9	f	\N	\N
101	9	f	\N	\N
102	9	t	2026-04-21 15:47:55.039921	\N
62	10	f	\N	\N
58	10	f	\N	\N
59	10	t	2026-04-21 15:47:55.039921	\N
60	10	f	\N	\N
61	10	f	\N	\N
64	10	t	2026-04-21 15:47:55.039921	\N
65	10	f	\N	\N
67	10	f	\N	\N
68	10	t	2026-04-21 15:47:55.039921	\N
69	10	t	2026-04-21 15:47:55.039921	\N
20	10	f	\N	\N
21	10	f	\N	\N
44	10	f	\N	\N
45	10	f	\N	\N
57	10	t	2026-04-21 15:47:55.039921	\N
70	10	f	\N	\N
78	10	f	\N	\N
22	10	f	\N	\N
24	10	f	\N	\N
46	10	f	\N	\N
53	10	f	\N	\N
71	10	f	\N	\N
54	10	f	\N	\N
51	10	t	2026-04-21 15:47:55.039921	\N
50	10	f	\N	\N
49	10	f	\N	\N
48	10	f	\N	\N
47	10	t	2026-04-21 15:47:55.039921	\N
26	10	f	\N	\N
25	10	f	\N	\N
23	10	t	2026-04-21 15:47:55.039921	\N
19	10	f	\N	\N
77	10	f	\N	\N
72	10	f	\N	\N
27	10	f	\N	\N
103	10	f	\N	\N
80	10	f	\N	\N
81	10	f	\N	\N
82	10	f	\N	\N
85	10	f	\N	\N
86	10	f	\N	\N
83	10	t	2026-04-21 15:47:55.039921	\N
87	10	f	\N	\N
91	10	f	\N	\N
92	10	f	\N	\N
93	10	f	\N	\N
95	10	f	\N	\N
98	10	f	\N	\N
99	10	f	\N	\N
101	10	f	\N	\N
102	10	f	\N	\N
62	11	f	\N	\N
58	11	f	\N	\N
59	11	f	\N	\N
60	11	t	2026-04-21 15:47:55.039921	\N
61	11	f	\N	\N
64	11	f	\N	\N
65	11	f	\N	\N
67	11	f	\N	\N
68	11	t	2026-04-21 15:47:55.039921	\N
69	11	f	\N	\N
20	11	f	\N	\N
21	11	f	\N	\N
44	11	t	2026-04-21 15:47:55.039921	\N
45	11	f	\N	\N
57	11	f	\N	\N
70	11	f	\N	\N
78	11	f	\N	\N
22	11	f	\N	\N
24	11	f	\N	\N
46	11	f	\N	\N
53	11	f	\N	\N
71	11	t	2026-04-21 15:47:55.039921	\N
54	11	t	2026-04-21 15:47:55.039921	\N
51	11	t	2026-04-21 15:47:55.039921	\N
50	11	f	\N	\N
49	11	t	2026-04-21 15:47:55.039921	\N
48	11	f	\N	\N
47	11	f	\N	\N
26	11	t	2026-04-21 15:47:55.039921	\N
25	11	f	\N	\N
23	11	f	\N	\N
19	11	t	2026-04-21 15:47:55.039921	\N
77	11	t	2026-04-21 15:47:55.039921	\N
72	11	f	\N	\N
27	11	t	2026-04-21 15:47:55.039921	\N
103	11	f	\N	\N
80	11	f	\N	\N
81	11	f	\N	\N
82	11	f	\N	\N
85	11	t	2026-04-21 15:47:55.039921	\N
86	11	t	2026-04-21 15:47:55.039921	\N
83	11	f	\N	\N
87	11	t	2026-04-21 15:47:55.039921	\N
91	11	f	\N	\N
92	11	t	2026-04-21 15:47:55.039921	\N
93	11	f	\N	\N
95	11	t	2026-04-21 15:47:55.039921	\N
98	11	f	\N	\N
99	11	t	2026-04-21 15:47:55.039921	\N
101	11	t	2026-04-21 15:47:55.039921	\N
102	11	f	\N	\N
62	12	t	2026-04-21 15:47:55.039921	\N
58	12	f	\N	\N
59	12	f	\N	\N
60	12	t	2026-04-21 15:47:55.039921	\N
61	12	f	\N	\N
64	12	f	\N	\N
65	12	f	\N	\N
67	12	t	2026-04-21 15:47:55.039921	\N
68	12	f	\N	\N
69	12	f	\N	\N
20	12	f	\N	\N
21	12	f	\N	\N
44	12	t	2026-04-21 15:47:55.039921	\N
45	12	t	2026-04-21 15:47:55.039921	\N
57	12	f	\N	\N
70	12	t	2026-04-21 15:47:55.039921	\N
78	12	f	\N	\N
22	12	f	\N	\N
24	12	t	2026-04-21 15:47:55.039921	\N
46	12	f	\N	\N
53	12	f	\N	\N
71	12	f	\N	\N
54	12	f	\N	\N
51	12	f	\N	\N
50	12	f	\N	\N
49	12	f	\N	\N
48	12	t	2026-04-21 15:47:55.039921	\N
47	12	f	\N	\N
26	12	t	2026-04-21 15:47:55.039921	\N
25	12	f	\N	\N
23	12	f	\N	\N
19	12	f	\N	\N
77	12	f	\N	\N
72	12	f	\N	\N
27	12	t	2026-04-21 15:47:55.039921	\N
103	12	t	2026-04-21 15:47:55.039921	\N
80	12	t	2026-04-21 15:47:55.039921	\N
81	12	t	2026-04-21 15:47:55.039921	\N
82	12	f	\N	\N
85	12	f	\N	\N
86	12	t	2026-04-21 15:47:55.039921	\N
83	12	f	\N	\N
87	12	f	\N	\N
91	12	f	\N	\N
92	12	f	\N	\N
93	12	f	\N	\N
95	12	f	\N	\N
98	12	f	\N	\N
99	12	t	2026-04-21 15:47:55.039921	\N
101	12	f	\N	\N
102	12	f	\N	\N
62	13	f	\N	\N
58	13	t	2026-04-21 15:47:55.039921	\N
59	13	f	\N	\N
60	13	f	\N	\N
61	13	f	\N	\N
64	13	t	2026-04-21 15:47:55.039921	\N
65	13	t	2026-04-21 15:47:55.039921	\N
67	13	f	\N	\N
68	13	f	\N	\N
69	13	f	\N	\N
20	13	f	\N	\N
21	13	t	2026-04-21 15:47:55.039921	\N
44	13	f	\N	\N
45	13	f	\N	\N
57	13	t	2026-04-21 15:47:55.039921	\N
70	13	f	\N	\N
78	13	f	\N	\N
22	13	f	\N	\N
24	13	f	\N	\N
46	13	f	\N	\N
53	13	t	2026-04-21 15:47:55.039921	\N
71	13	f	\N	\N
54	13	f	\N	\N
51	13	t	2026-04-21 15:47:55.039921	\N
50	13	t	2026-04-21 15:47:55.039921	\N
49	13	f	\N	\N
48	13	t	2026-04-21 15:47:55.039921	\N
47	13	t	2026-04-21 15:47:55.039921	\N
26	13	f	\N	\N
25	13	f	\N	\N
23	13	f	\N	\N
19	13	f	\N	\N
77	13	f	\N	\N
72	13	f	\N	\N
27	13	f	\N	\N
103	13	f	\N	\N
80	13	f	\N	\N
81	13	f	\N	\N
82	13	f	\N	\N
85	13	t	2026-04-21 15:47:55.039921	\N
86	13	t	2026-04-21 15:47:55.039921	\N
83	13	f	\N	\N
87	13	f	\N	\N
91	13	f	\N	\N
92	13	f	\N	\N
93	13	t	2026-04-21 15:47:55.039921	\N
95	13	t	2026-04-21 15:47:55.039921	\N
98	13	f	\N	\N
99	13	f	\N	\N
101	13	t	2026-04-21 15:47:55.039921	\N
102	13	f	\N	\N
62	14	t	2026-04-21 15:47:55.039921	\N
58	14	t	2026-04-21 15:47:55.039921	\N
59	14	f	\N	\N
60	14	f	\N	\N
61	14	f	\N	\N
64	14	t	2026-04-21 15:47:55.039921	\N
65	14	f	\N	\N
67	14	f	\N	\N
68	14	f	\N	\N
69	14	t	2026-04-21 15:47:55.039921	\N
20	14	t	2026-04-21 15:47:55.039921	\N
21	14	f	\N	\N
44	14	f	\N	\N
45	14	t	2026-04-21 15:47:55.039921	\N
57	14	f	\N	\N
70	14	f	\N	\N
78	14	f	\N	\N
22	14	f	\N	\N
24	14	f	\N	\N
46	14	t	2026-04-21 15:47:55.039921	\N
53	14	f	\N	\N
71	14	t	2026-04-21 15:47:55.039921	\N
54	14	f	\N	\N
51	14	f	\N	\N
50	14	f	\N	\N
49	14	f	\N	\N
48	14	f	\N	\N
47	14	f	\N	\N
26	14	f	\N	\N
25	14	f	\N	\N
23	14	t	2026-04-21 15:47:55.039921	\N
77	14	t	2026-04-21 15:47:55.039921	\N
72	14	f	\N	\N
27	14	f	\N	\N
103	14	t	2026-04-21 15:47:55.039921	\N
80	14	f	\N	\N
81	14	f	\N	\N
82	14	f	\N	\N
85	14	f	\N	\N
86	14	f	\N	\N
83	14	f	\N	\N
87	14	f	\N	\N
91	14	t	2026-04-21 15:47:55.039921	\N
92	14	f	\N	\N
93	14	f	\N	\N
95	14	f	\N	\N
98	14	f	\N	\N
99	14	t	2026-04-21 15:47:55.039921	\N
101	14	f	\N	\N
102	14	f	\N	\N
62	15	t	2026-04-21 15:47:55.039921	\N
58	15	t	2026-04-21 15:47:55.039921	\N
59	15	t	2026-04-21 15:47:55.039921	\N
60	15	t	2026-04-21 15:47:55.039921	\N
61	15	f	\N	\N
64	15	t	2026-04-21 15:47:55.039921	\N
65	15	t	2026-04-21 15:47:55.039921	\N
67	15	t	2026-04-21 15:47:55.039921	\N
68	15	t	2026-04-21 15:47:55.039921	\N
69	15	f	\N	\N
20	15	f	\N	\N
21	15	t	2026-04-21 15:47:55.039921	\N
44	15	t	2026-04-21 15:47:55.039921	\N
45	15	f	\N	\N
57	15	t	2026-04-21 15:47:55.039921	\N
70	15	t	2026-04-21 15:47:55.039921	\N
78	15	t	2026-04-21 15:47:55.039921	\N
22	15	f	\N	\N
24	15	f	\N	\N
46	15	f	\N	\N
53	15	t	2026-04-21 15:47:55.039921	\N
71	15	f	\N	\N
54	15	t	2026-04-21 15:47:55.039921	\N
51	15	f	\N	\N
50	15	t	2026-04-21 15:47:55.039921	\N
49	15	t	2026-04-21 15:47:55.039921	\N
48	15	f	\N	\N
47	15	f	\N	\N
26	15	t	2026-04-21 15:47:55.039921	\N
25	15	f	\N	\N
23	15	f	\N	\N
19	15	f	\N	\N
77	15	f	\N	\N
72	15	t	2026-04-21 15:47:55.039921	\N
27	15	t	2026-04-21 15:47:55.039921	\N
103	15	f	\N	\N
80	15	t	2026-04-21 15:47:55.039921	\N
81	15	f	\N	\N
82	15	f	\N	\N
85	15	f	\N	\N
86	15	f	\N	\N
83	15	f	\N	\N
87	15	f	\N	\N
91	15	f	\N	\N
92	15	f	\N	\N
93	15	t	2026-04-21 15:47:55.039921	\N
95	15	t	2026-04-21 15:47:55.039921	\N
98	15	f	\N	\N
99	15	f	\N	\N
101	15	f	\N	\N
102	15	f	\N	\N
62	16	t	2026-04-21 15:47:55.039921	\N
58	16	f	\N	\N
59	16	f	\N	\N
60	16	f	\N	\N
61	16	t	2026-04-21 15:47:55.039921	\N
64	16	f	\N	\N
65	16	f	\N	\N
67	16	t	2026-04-21 15:47:55.039921	\N
68	16	t	2026-04-21 15:47:55.039921	\N
69	16	f	\N	\N
20	16	f	\N	\N
21	16	f	\N	\N
44	16	f	\N	\N
45	16	f	\N	\N
57	16	f	\N	\N
70	16	f	\N	\N
78	16	f	\N	\N
22	16	f	\N	\N
24	16	f	\N	\N
46	16	f	\N	\N
53	16	f	\N	\N
71	16	f	\N	\N
54	16	f	\N	\N
51	16	f	\N	\N
50	16	f	\N	\N
49	16	f	\N	\N
48	16	f	\N	\N
47	16	f	\N	\N
26	16	t	2026-04-21 15:47:55.039921	\N
25	16	f	\N	\N
23	16	f	\N	\N
19	16	t	2026-04-21 15:47:55.039921	\N
77	16	t	2026-04-21 15:47:55.039921	\N
72	16	t	2026-04-21 15:47:55.039921	\N
27	16	t	2026-04-21 15:47:55.039921	\N
103	16	f	\N	\N
80	16	f	\N	\N
81	16	f	\N	\N
82	16	f	\N	\N
85	16	f	\N	\N
86	16	f	\N	\N
83	16	f	\N	\N
87	16	f	\N	\N
91	16	f	\N	\N
92	16	t	2026-04-21 15:47:55.039921	\N
93	16	t	2026-04-21 15:47:55.039921	\N
95	16	f	\N	\N
98	16	f	\N	\N
99	16	f	\N	\N
101	16	t	2026-04-21 15:47:55.039921	\N
102	16	t	2026-04-21 15:47:55.039921	\N
62	17	t	2026-04-21 15:47:55.039921	\N
58	17	f	\N	\N
59	17	f	\N	\N
60	17	f	\N	\N
61	17	t	2026-04-21 15:47:55.039921	\N
64	17	t	2026-04-21 15:47:55.039921	\N
65	17	f	\N	\N
67	17	t	2026-04-21 15:47:55.039921	\N
68	17	t	2026-04-21 15:47:55.039921	\N
69	17	f	\N	\N
20	17	f	\N	\N
21	17	f	\N	\N
44	17	f	\N	\N
45	17	t	2026-04-21 15:47:55.039921	\N
57	17	f	\N	\N
70	17	t	2026-04-21 15:47:55.039921	\N
78	17	f	\N	\N
22	17	f	\N	\N
24	17	t	2026-04-21 15:47:55.039921	\N
46	17	f	\N	\N
53	17	t	2026-04-21 15:47:55.039921	\N
71	17	t	2026-04-21 15:47:55.039921	\N
54	17	f	\N	\N
51	17	f	\N	\N
50	17	f	\N	\N
49	17	f	\N	\N
48	17	f	\N	\N
47	17	f	\N	\N
26	17	f	\N	\N
25	17	f	\N	\N
23	17	f	\N	\N
19	17	f	\N	\N
77	17	f	\N	\N
72	17	f	\N	\N
27	17	t	2026-04-21 15:47:55.039921	\N
103	17	f	\N	\N
80	17	f	\N	\N
81	17	f	\N	\N
82	17	t	2026-04-21 15:47:55.039921	\N
85	17	t	2026-04-21 15:47:55.039921	\N
86	17	t	2026-04-21 15:47:55.039921	\N
83	17	f	\N	\N
87	17	f	\N	\N
91	17	f	\N	\N
92	17	f	\N	\N
93	17	f	\N	\N
95	17	t	2026-04-21 15:47:55.039921	\N
98	17	f	\N	\N
99	17	f	\N	\N
101	17	f	\N	\N
102	17	f	\N	\N
62	18	t	2026-04-21 15:47:55.039921	\N
58	18	t	2026-04-21 15:47:55.039921	\N
59	18	f	\N	\N
60	18	f	\N	\N
61	18	f	\N	\N
64	18	t	2026-04-21 15:47:55.039921	\N
65	18	f	\N	\N
67	18	f	\N	\N
68	18	f	\N	\N
69	18	t	2026-04-21 15:47:55.039921	\N
20	18	f	\N	\N
21	18	f	\N	\N
44	18	t	2026-04-21 15:47:55.039921	\N
45	18	f	\N	\N
57	18	t	2026-04-21 15:47:55.039921	\N
70	18	f	\N	\N
78	18	t	2026-04-21 15:47:55.039921	\N
22	18	f	\N	\N
24	18	t	2026-04-21 15:47:55.039921	\N
46	18	f	\N	\N
53	18	f	\N	\N
71	18	t	2026-04-21 15:47:55.039921	\N
54	18	f	\N	\N
51	18	f	\N	\N
50	18	t	2026-04-21 15:47:55.039921	\N
49	18	t	2026-04-21 15:47:55.039921	\N
48	18	t	2026-04-21 15:47:55.039921	\N
47	18	f	\N	\N
26	18	f	\N	\N
25	18	t	2026-04-21 15:47:55.039921	\N
23	18	f	\N	\N
19	18	t	2026-04-21 15:47:55.039921	\N
77	18	f	\N	\N
72	18	t	2026-04-21 15:47:55.039921	\N
27	18	f	\N	\N
103	18	t	2026-04-21 15:47:55.039921	\N
80	18	f	\N	\N
81	18	f	\N	\N
82	18	f	\N	\N
85	18	f	\N	\N
86	18	f	\N	\N
83	18	f	\N	\N
87	18	f	\N	\N
91	18	f	\N	\N
92	18	t	2026-04-21 15:47:55.039921	\N
93	18	f	\N	\N
95	18	f	\N	\N
98	18	t	2026-04-21 15:47:55.039921	\N
99	18	f	\N	\N
101	18	t	2026-04-21 15:47:55.039921	\N
102	18	f	\N	\N
62	19	f	\N	\N
58	19	t	2026-04-21 15:47:55.039921	\N
59	19	t	2026-04-21 15:47:55.039921	\N
60	19	f	\N	\N
61	19	f	\N	\N
64	19	f	\N	\N
65	19	t	2026-04-21 15:47:55.039921	\N
67	19	f	\N	\N
68	19	t	2026-04-21 15:47:55.039921	\N
69	19	t	2026-04-21 15:47:55.039921	\N
20	19	t	2026-04-21 15:47:55.039921	\N
21	19	t	2026-04-21 15:47:55.039921	\N
44	19	f	\N	\N
45	19	t	2026-04-21 15:47:55.039921	\N
57	19	f	\N	\N
70	19	f	\N	\N
78	19	t	2026-04-21 15:47:55.039921	\N
22	19	f	\N	\N
24	19	f	\N	\N
46	19	t	2026-04-21 15:47:55.039921	\N
53	19	f	\N	\N
71	19	f	\N	\N
54	19	t	2026-04-21 15:47:55.039921	\N
51	19	f	\N	\N
50	19	f	\N	\N
49	19	f	\N	\N
48	19	t	2026-04-21 15:47:55.039921	\N
47	19	t	2026-04-21 15:47:55.039921	\N
26	19	t	2026-04-21 15:47:55.039921	\N
25	19	f	\N	\N
23	19	f	\N	\N
19	19	t	2026-04-21 15:47:55.039921	\N
77	19	f	\N	\N
72	19	t	2026-04-21 15:47:55.039921	\N
27	19	f	\N	\N
103	19	t	2026-04-21 15:47:55.039921	\N
80	19	f	\N	\N
81	19	f	\N	\N
82	19	f	\N	\N
85	19	t	2026-04-21 15:47:55.039921	\N
86	19	f	\N	\N
83	19	t	2026-04-21 15:47:55.039921	\N
87	19	f	\N	\N
91	19	f	\N	\N
92	19	f	\N	\N
93	19	t	2026-04-21 15:47:55.039921	\N
95	19	t	2026-04-21 15:47:55.039921	\N
98	19	f	\N	\N
99	19	f	\N	\N
101	19	f	\N	\N
102	19	f	\N	\N
62	20	f	\N	\N
58	20	f	\N	\N
59	20	f	\N	\N
60	20	t	2026-04-21 15:47:55.039921	\N
61	20	f	\N	\N
64	20	t	2026-04-21 15:47:55.039921	\N
65	20	f	\N	\N
67	20	f	\N	\N
68	20	t	2026-04-21 15:47:55.039921	\N
69	20	f	\N	\N
20	20	t	2026-04-21 15:47:55.039921	\N
21	20	f	\N	\N
44	20	f	\N	\N
45	20	f	\N	\N
57	20	t	2026-04-21 15:47:55.039921	\N
70	20	f	\N	\N
78	20	f	\N	\N
22	20	t	2026-04-21 15:47:55.039921	\N
24	20	f	\N	\N
46	20	f	\N	\N
53	20	f	\N	\N
71	20	f	\N	\N
54	20	f	\N	\N
51	20	f	\N	\N
50	20	f	\N	\N
49	20	f	\N	\N
48	20	f	\N	\N
47	20	t	2026-04-21 15:47:55.039921	\N
26	20	t	2026-04-21 15:47:55.039921	\N
25	20	f	\N	\N
23	20	f	\N	\N
19	20	f	\N	\N
77	20	f	\N	\N
72	20	f	\N	\N
27	20	t	2026-04-21 15:47:55.039921	\N
103	20	f	\N	\N
80	20	f	\N	\N
81	20	f	\N	\N
82	20	f	\N	\N
85	20	f	\N	\N
86	20	f	\N	\N
83	20	f	\N	\N
87	20	t	2026-04-21 15:47:55.039921	\N
91	20	t	2026-04-21 15:47:55.039921	\N
92	20	t	2026-04-21 15:47:55.039921	\N
93	20	f	\N	\N
95	20	t	2026-04-21 15:47:55.039921	\N
98	20	f	\N	\N
99	20	f	\N	\N
101	20	f	\N	\N
102	20	f	\N	\N
62	21	f	\N	\N
58	21	t	2026-04-21 15:47:55.039921	\N
59	21	f	\N	\N
60	21	f	\N	\N
61	21	f	\N	\N
64	21	f	\N	\N
65	21	f	\N	\N
67	21	f	\N	\N
68	21	f	\N	\N
69	21	f	\N	\N
20	21	f	\N	\N
21	21	f	\N	\N
44	21	f	\N	\N
45	21	f	\N	\N
57	21	f	\N	\N
70	21	f	\N	\N
78	21	f	\N	\N
22	21	f	\N	\N
24	21	f	\N	\N
46	21	t	2026-04-21 15:47:55.039921	\N
53	21	f	\N	\N
71	21	f	\N	\N
54	21	f	\N	\N
51	21	f	\N	\N
50	21	f	\N	\N
49	21	f	\N	\N
48	21	t	2026-04-21 15:47:55.039921	\N
47	21	f	\N	\N
26	21	f	\N	\N
25	21	f	\N	\N
23	21	f	\N	\N
19	21	f	\N	\N
77	21	f	\N	\N
72	21	f	\N	\N
27	21	f	\N	\N
103	21	f	\N	\N
80	21	f	\N	\N
81	21	f	\N	\N
82	21	f	\N	\N
85	21	f	\N	\N
86	21	f	\N	\N
83	21	f	\N	\N
87	21	f	\N	\N
91	21	f	\N	\N
92	21	f	\N	\N
93	21	f	\N	\N
95	21	f	\N	\N
98	21	t	2026-04-21 15:47:55.039921	\N
99	21	f	\N	\N
101	21	t	2026-04-21 15:47:55.039921	\N
102	21	f	\N	\N
62	22	t	2026-04-21 15:47:55.039921	\N
58	22	t	2026-04-21 15:47:55.039921	\N
59	22	f	\N	\N
60	22	f	\N	\N
61	22	t	2026-04-21 15:47:55.039921	\N
64	22	f	\N	\N
65	22	f	\N	\N
67	22	f	\N	\N
68	22	t	2026-04-21 15:47:55.039921	\N
69	22	f	\N	\N
20	22	f	\N	\N
21	22	f	\N	\N
44	22	t	2026-04-21 15:47:55.039921	\N
45	22	t	2026-04-21 15:47:55.039921	\N
57	22	f	\N	\N
70	22	f	\N	\N
78	22	f	\N	\N
22	22	t	2026-04-21 15:47:55.039921	\N
24	22	t	2026-04-21 15:47:55.039921	\N
46	22	f	\N	\N
53	22	f	\N	\N
71	22	f	\N	\N
54	22	t	2026-04-21 15:47:55.039921	\N
51	22	t	2026-04-21 15:47:55.039921	\N
50	22	f	\N	\N
49	22	f	\N	\N
48	22	f	\N	\N
47	22	f	\N	\N
26	22	t	2026-04-21 15:47:55.039921	\N
25	22	t	2026-04-21 15:47:55.039921	\N
23	22	f	\N	\N
19	22	t	2026-04-21 15:47:55.039921	\N
77	22	t	2026-04-21 15:47:55.039921	\N
72	22	t	2026-04-21 15:47:55.039921	\N
27	22	f	\N	\N
103	22	f	\N	\N
80	22	f	\N	\N
81	22	f	\N	\N
82	22	f	\N	\N
85	22	f	\N	\N
86	22	t	2026-04-21 15:47:55.039921	\N
83	22	f	\N	\N
87	22	f	\N	\N
91	22	f	\N	\N
92	22	t	2026-04-21 15:47:55.039921	\N
93	22	f	\N	\N
95	22	f	\N	\N
98	22	f	\N	\N
99	22	f	\N	\N
101	22	t	2026-04-21 15:47:55.039921	\N
102	22	f	\N	\N
62	23	f	\N	\N
58	23	f	\N	\N
59	23	f	\N	\N
60	23	t	2026-04-21 15:47:55.039921	\N
61	23	f	\N	\N
64	23	f	\N	\N
65	23	f	\N	\N
67	23	f	\N	\N
68	23	f	\N	\N
69	23	f	\N	\N
20	23	f	\N	\N
21	23	f	\N	\N
44	23	f	\N	\N
45	23	f	\N	\N
57	23	f	\N	\N
70	23	f	\N	\N
78	23	f	\N	\N
22	23	f	\N	\N
24	23	t	2026-04-21 15:47:55.039921	\N
46	23	f	\N	\N
53	23	f	\N	\N
71	23	f	\N	\N
54	23	f	\N	\N
51	23	t	2026-04-21 15:47:55.039921	\N
50	23	f	\N	\N
49	23	f	\N	\N
48	23	t	2026-04-21 15:47:55.039921	\N
47	23	f	\N	\N
26	23	f	\N	\N
25	23	t	2026-04-21 15:47:55.039921	\N
23	23	f	\N	\N
19	23	f	\N	\N
77	23	t	2026-04-21 15:47:55.039921	\N
72	23	t	2026-04-21 15:47:55.039921	\N
27	23	f	\N	\N
103	23	f	\N	\N
80	23	f	\N	\N
81	23	f	\N	\N
82	23	f	\N	\N
85	23	f	\N	\N
86	23	f	\N	\N
83	23	t	2026-04-21 15:47:55.039921	\N
87	23	f	\N	\N
91	23	t	2026-04-21 15:47:55.039921	\N
92	23	f	\N	\N
93	23	f	\N	\N
95	23	f	\N	\N
98	23	t	2026-04-21 15:47:55.039921	\N
99	23	t	2026-04-21 15:47:55.039921	\N
101	23	f	\N	\N
102	23	t	2026-04-21 15:47:55.039921	\N
62	24	f	\N	\N
58	24	f	\N	\N
59	24	f	\N	\N
60	24	f	\N	\N
61	24	t	2026-04-21 15:47:55.039921	\N
64	24	f	\N	\N
65	24	t	2026-04-21 15:47:55.039921	\N
67	24	f	\N	\N
68	24	f	\N	\N
69	24	t	2026-04-21 15:47:55.039921	\N
20	24	f	\N	\N
21	24	f	\N	\N
44	24	t	2026-04-21 15:47:55.039921	\N
45	24	t	2026-04-21 15:47:55.039921	\N
57	24	f	\N	\N
70	24	t	2026-04-21 15:47:55.039921	\N
78	24	t	2026-04-21 15:47:55.039921	\N
22	24	f	\N	\N
24	24	t	2026-04-21 15:47:55.039921	\N
46	24	t	2026-04-21 15:47:55.039921	\N
53	24	f	\N	\N
71	24	f	\N	\N
54	24	f	\N	\N
51	24	f	\N	\N
50	24	f	\N	\N
49	24	f	\N	\N
48	24	f	\N	\N
47	24	f	\N	\N
26	24	f	\N	\N
25	24	f	\N	\N
23	24	f	\N	\N
19	24	f	\N	\N
77	24	t	2026-04-21 15:47:55.039921	\N
72	24	t	2026-04-21 15:47:55.039921	\N
27	24	f	\N	\N
103	24	t	2026-04-21 15:47:55.039921	\N
80	24	f	\N	\N
81	24	t	2026-04-21 15:47:55.039921	\N
82	24	f	\N	\N
85	24	f	\N	\N
86	24	f	\N	\N
83	24	f	\N	\N
87	24	t	2026-04-21 15:47:55.039921	\N
91	24	t	2026-04-21 15:47:55.039921	\N
92	24	f	\N	\N
93	24	f	\N	\N
95	24	t	2026-04-21 15:47:55.039921	\N
98	24	f	\N	\N
99	24	f	\N	\N
101	24	f	\N	\N
102	24	t	2026-04-21 15:47:55.039921	\N
62	25	f	\N	\N
58	25	f	\N	\N
59	25	f	\N	\N
60	25	t	2026-04-21 15:47:55.039921	\N
61	25	f	\N	\N
64	25	f	\N	\N
65	25	f	\N	\N
67	25	f	\N	\N
68	25	f	\N	\N
69	25	f	\N	\N
20	25	f	\N	\N
21	25	f	\N	\N
44	25	f	\N	\N
45	25	f	\N	\N
57	25	t	2026-04-21 15:47:55.039921	\N
70	25	f	\N	\N
78	25	f	\N	\N
22	25	f	\N	\N
24	25	t	2026-04-21 15:47:55.039921	\N
46	25	f	\N	\N
53	25	f	\N	\N
71	25	t	2026-04-21 15:47:55.039921	\N
54	25	f	\N	\N
51	25	f	\N	\N
50	25	t	2026-04-21 15:47:55.039921	\N
49	25	f	\N	\N
48	25	f	\N	\N
47	25	f	\N	\N
26	25	f	\N	\N
25	25	t	2026-04-21 15:47:55.039921	\N
23	25	t	2026-04-21 15:47:55.039921	\N
19	25	f	\N	\N
77	25	t	2026-04-21 15:47:55.039921	\N
72	25	f	\N	\N
27	25	t	2026-04-21 15:47:55.039921	\N
103	25	t	2026-04-21 15:47:55.039921	\N
80	25	f	\N	\N
81	25	f	\N	\N
82	25	f	\N	\N
85	25	f	\N	\N
86	25	t	2026-04-21 15:47:55.039921	\N
83	25	t	2026-04-21 15:47:55.039921	\N
87	25	f	\N	\N
91	25	t	2026-04-21 15:47:55.039921	\N
92	25	t	2026-04-21 15:47:55.039921	\N
93	25	t	2026-04-21 15:47:55.039921	\N
95	25	f	\N	\N
98	25	f	\N	\N
99	25	f	\N	\N
101	25	f	\N	\N
102	25	f	\N	\N
62	26	f	\N	\N
58	26	f	\N	\N
59	26	f	\N	\N
60	26	f	\N	\N
61	26	f	\N	\N
64	26	f	\N	\N
65	26	f	\N	\N
67	26	t	2026-04-21 15:47:55.039921	\N
68	26	f	\N	\N
69	26	t	2026-04-21 15:47:55.039921	\N
20	26	t	2026-04-21 15:47:55.039921	\N
21	26	f	\N	\N
44	26	f	\N	\N
45	26	f	\N	\N
57	26	t	2026-04-21 15:47:55.039921	\N
70	26	f	\N	\N
78	26	f	\N	\N
22	26	f	\N	\N
24	26	f	\N	\N
46	26	t	2026-04-21 15:47:55.039921	\N
53	26	t	2026-04-21 15:47:55.039921	\N
71	26	f	\N	\N
54	26	f	\N	\N
51	26	f	\N	\N
50	26	f	\N	\N
49	26	f	\N	\N
48	26	f	\N	\N
47	26	t	2026-04-21 15:47:55.039921	\N
26	26	f	\N	\N
25	26	f	\N	\N
23	26	f	\N	\N
19	26	f	\N	\N
77	26	f	\N	\N
72	26	t	2026-04-21 15:47:55.039921	\N
27	26	t	2026-04-21 15:47:55.039921	\N
103	26	f	\N	\N
80	26	t	2026-04-21 15:47:55.039921	\N
81	26	f	\N	\N
82	26	f	\N	\N
85	26	f	\N	\N
86	26	f	\N	\N
83	26	f	\N	\N
87	26	t	2026-04-21 15:47:55.039921	\N
91	26	f	\N	\N
92	26	f	\N	\N
93	26	f	\N	\N
95	26	f	\N	\N
98	26	f	\N	\N
99	26	f	\N	\N
101	26	f	\N	\N
102	26	f	\N	\N
62	27	f	\N	\N
58	27	f	\N	\N
59	27	t	2026-04-21 15:47:55.039921	\N
60	27	f	\N	\N
61	27	f	\N	\N
64	27	t	2026-04-21 15:47:55.039921	\N
65	27	f	\N	\N
67	27	f	\N	\N
68	27	f	\N	\N
69	27	t	2026-04-21 15:47:55.039921	\N
20	27	f	\N	\N
21	27	f	\N	\N
44	27	f	\N	\N
45	27	f	\N	\N
57	27	f	\N	\N
70	27	f	\N	\N
78	27	t	2026-04-21 15:47:55.039921	\N
22	27	f	\N	\N
24	27	f	\N	\N
46	27	f	\N	\N
53	27	f	\N	\N
71	27	f	\N	\N
54	27	f	\N	\N
51	27	f	\N	\N
50	27	f	\N	\N
49	27	t	2026-04-21 15:47:55.039921	\N
48	27	f	\N	\N
47	27	f	\N	\N
26	27	f	\N	\N
25	27	f	\N	\N
23	27	f	\N	\N
19	27	t	2026-04-21 15:47:55.039921	\N
77	27	f	\N	\N
72	27	f	\N	\N
27	27	f	\N	\N
103	27	f	\N	\N
80	27	t	2026-04-21 15:47:55.039921	\N
81	27	f	\N	\N
82	27	f	\N	\N
85	27	t	2026-04-21 15:47:55.039921	\N
86	27	f	\N	\N
83	27	f	\N	\N
87	27	f	\N	\N
91	27	f	\N	\N
92	27	f	\N	\N
93	27	t	2026-04-21 15:47:55.039921	\N
95	27	f	\N	\N
98	27	f	\N	\N
99	27	f	\N	\N
101	27	f	\N	\N
102	27	f	\N	\N
62	28	t	2026-04-21 15:47:55.039921	\N
58	28	f	\N	\N
59	28	t	2026-04-21 15:47:55.039921	\N
60	28	f	\N	\N
61	28	t	2026-04-21 15:47:55.039921	\N
64	28	f	\N	\N
65	28	f	\N	\N
67	28	f	\N	\N
68	28	f	\N	\N
69	28	f	\N	\N
20	28	f	\N	\N
21	28	f	\N	\N
44	28	f	\N	\N
45	28	f	\N	\N
57	28	t	2026-04-21 15:47:55.039921	\N
70	28	f	\N	\N
78	28	t	2026-04-21 15:47:55.039921	\N
22	28	t	2026-04-21 15:47:55.039921	\N
24	28	f	\N	\N
46	28	f	\N	\N
53	28	t	2026-04-21 15:47:55.039921	\N
71	28	f	\N	\N
54	28	f	\N	\N
51	28	f	\N	\N
50	28	f	\N	\N
49	28	f	\N	\N
48	28	f	\N	\N
47	28	f	\N	\N
26	28	f	\N	\N
25	28	f	\N	\N
23	28	f	\N	\N
19	28	f	\N	\N
77	28	t	2026-04-21 15:47:55.039921	\N
72	28	f	\N	\N
27	28	f	\N	\N
103	28	t	2026-04-21 15:47:55.039921	\N
80	28	f	\N	\N
81	28	t	2026-04-21 15:47:55.039921	\N
82	28	f	\N	\N
85	28	t	2026-04-21 15:47:55.039921	\N
86	28	f	\N	\N
83	28	f	\N	\N
87	28	f	\N	\N
91	28	f	\N	\N
92	28	f	\N	\N
93	28	f	\N	\N
95	28	f	\N	\N
98	28	t	2026-04-21 15:47:55.039921	\N
99	28	f	\N	\N
101	28	f	\N	\N
102	28	t	2026-04-21 15:47:55.039921	\N
62	29	t	2026-04-21 15:47:55.039921	\N
58	29	f	\N	\N
59	29	f	\N	\N
60	29	f	\N	\N
61	29	f	\N	\N
64	29	f	\N	\N
65	29	t	2026-04-21 15:47:55.039921	\N
67	29	t	2026-04-21 15:47:55.039921	\N
68	29	f	\N	\N
69	29	f	\N	\N
20	29	f	\N	\N
21	29	f	\N	\N
44	29	t	2026-04-21 15:47:55.039921	\N
45	29	f	\N	\N
57	29	t	2026-04-21 15:47:55.039921	\N
70	29	f	\N	\N
78	29	f	\N	\N
22	29	f	\N	\N
24	29	f	\N	\N
46	29	t	2026-04-21 15:47:55.039921	\N
53	29	f	\N	\N
71	29	f	\N	\N
54	29	t	2026-04-21 15:47:55.039921	\N
51	29	f	\N	\N
50	29	f	\N	\N
49	29	t	2026-04-21 15:47:55.039921	\N
48	29	f	\N	\N
47	29	t	2026-04-21 15:47:55.039921	\N
26	29	t	2026-04-21 15:47:55.039921	\N
25	29	f	\N	\N
23	29	t	2026-04-21 15:47:55.039921	\N
19	29	f	\N	\N
77	29	f	\N	\N
72	29	f	\N	\N
27	29	f	\N	\N
103	29	t	2026-04-21 15:47:55.039921	\N
80	29	f	\N	\N
81	29	t	2026-04-21 15:47:55.039921	\N
82	29	f	\N	\N
85	29	f	\N	\N
86	29	t	2026-04-21 15:47:55.039921	\N
83	29	f	\N	\N
87	29	t	2026-04-21 15:47:55.039921	\N
91	29	f	\N	\N
92	29	t	2026-04-21 15:47:55.039921	\N
93	29	f	\N	\N
95	29	f	\N	\N
98	29	f	\N	\N
99	29	f	\N	\N
101	29	t	2026-04-21 15:47:55.039921	\N
102	29	f	\N	\N
62	30	f	\N	\N
58	30	t	2026-04-21 15:47:55.039921	\N
59	30	f	\N	\N
60	30	f	\N	\N
61	30	f	\N	\N
64	30	f	\N	\N
65	30	f	\N	\N
67	30	f	\N	\N
68	30	f	\N	\N
69	30	f	\N	\N
20	30	t	2026-04-21 15:47:55.039921	\N
21	30	f	\N	\N
44	30	f	\N	\N
45	30	t	2026-04-21 15:47:55.039921	\N
57	30	f	\N	\N
70	30	f	\N	\N
78	30	t	2026-04-21 15:47:55.039921	\N
22	30	t	2026-04-21 15:47:55.039921	\N
24	30	f	\N	\N
46	30	f	\N	\N
53	30	t	2026-04-21 15:47:55.039921	\N
71	30	t	2026-04-21 15:47:55.039921	\N
54	30	t	2026-04-21 15:47:55.039921	\N
51	30	t	2026-04-21 15:47:55.039921	\N
50	30	f	\N	\N
49	30	t	2026-04-21 15:47:55.039921	\N
48	30	t	2026-04-21 15:47:55.039921	\N
47	30	t	2026-04-21 15:47:55.039921	\N
26	30	t	2026-04-21 15:47:55.039921	\N
25	30	f	\N	\N
23	30	f	\N	\N
19	30	f	\N	\N
77	30	t	2026-04-21 15:47:55.039921	\N
72	30	f	\N	\N
27	30	f	\N	\N
103	30	t	2026-04-21 15:47:55.039921	\N
80	30	t	2026-04-21 15:47:55.039921	\N
81	30	f	\N	\N
82	30	f	\N	\N
85	30	f	\N	\N
86	30	t	2026-04-21 15:47:55.039921	\N
83	30	f	\N	\N
87	30	f	\N	\N
91	30	t	2026-04-21 15:47:55.039921	\N
92	30	f	\N	\N
93	30	f	\N	\N
95	30	t	2026-04-21 15:47:55.039921	\N
98	30	f	\N	\N
99	30	f	\N	\N
101	30	f	\N	\N
102	30	f	\N	\N
62	31	f	\N	\N
58	31	t	2026-04-21 15:47:55.039921	\N
59	31	t	2026-04-21 15:47:55.039921	\N
60	31	f	\N	\N
61	31	f	\N	\N
64	31	f	\N	\N
65	31	f	\N	\N
67	31	f	\N	\N
68	31	f	\N	\N
69	31	f	\N	\N
20	31	t	2026-04-21 15:47:55.039921	\N
21	31	f	\N	\N
44	31	f	\N	\N
45	31	f	\N	\N
57	31	f	\N	\N
70	31	f	\N	\N
78	31	f	\N	\N
22	31	f	\N	\N
24	31	f	\N	\N
46	31	f	\N	\N
53	31	f	\N	\N
71	31	f	\N	\N
54	31	t	2026-04-21 15:47:55.039921	\N
51	31	t	2026-04-21 15:47:55.039921	\N
50	31	f	\N	\N
49	31	t	2026-04-21 15:47:55.039921	\N
48	31	t	2026-04-21 15:47:55.039921	\N
47	31	f	\N	\N
26	31	t	2026-04-21 15:47:55.039921	\N
25	31	f	\N	\N
23	31	f	\N	\N
19	31	t	2026-04-21 15:47:55.039921	\N
77	31	f	\N	\N
72	31	f	\N	\N
27	31	f	\N	\N
103	31	f	\N	\N
80	31	t	2026-04-21 15:47:55.039921	\N
81	31	t	2026-04-21 15:47:55.039921	\N
82	31	f	\N	\N
85	31	f	\N	\N
86	31	f	\N	\N
83	31	f	\N	\N
87	31	f	\N	\N
91	31	f	\N	\N
92	31	t	2026-04-21 15:47:55.039921	\N
93	31	f	\N	\N
95	31	t	2026-04-21 15:47:55.039921	\N
98	31	f	\N	\N
99	31	f	\N	\N
101	31	t	2026-04-21 15:47:55.039921	\N
102	31	f	\N	\N
62	32	f	\N	\N
58	32	f	\N	\N
59	32	f	\N	\N
60	32	f	\N	\N
61	32	f	\N	\N
64	32	f	\N	\N
65	32	f	\N	\N
67	32	f	\N	\N
68	32	f	\N	\N
69	32	f	\N	\N
20	32	f	\N	\N
21	32	f	\N	\N
44	32	f	\N	\N
45	32	f	\N	\N
57	32	f	\N	\N
70	32	f	\N	\N
78	32	f	\N	\N
22	32	t	2026-04-21 15:47:55.039921	\N
24	32	t	2026-04-21 15:47:55.039921	\N
46	32	t	2026-04-21 15:47:55.039921	\N
53	32	t	2026-04-21 15:47:55.039921	\N
71	32	t	2026-04-21 15:47:55.039921	\N
54	32	f	\N	\N
51	32	f	\N	\N
50	32	t	2026-04-21 15:47:55.039921	\N
49	32	f	\N	\N
48	32	f	\N	\N
47	32	f	\N	\N
26	32	f	\N	\N
25	32	f	\N	\N
23	32	f	\N	\N
19	32	f	\N	\N
77	32	f	\N	\N
72	32	f	\N	\N
27	32	f	\N	\N
103	32	f	\N	\N
80	32	f	\N	\N
81	32	t	2026-04-21 15:47:55.039921	\N
82	32	f	\N	\N
85	32	t	2026-04-21 15:47:55.039921	\N
86	32	t	2026-04-21 15:47:55.039921	\N
83	32	t	2026-04-21 15:47:55.039921	\N
87	32	f	\N	\N
91	32	t	2026-04-21 15:47:55.039921	\N
92	32	f	\N	\N
93	32	f	\N	\N
95	32	f	\N	\N
98	32	t	2026-04-21 15:47:55.039921	\N
99	32	f	\N	\N
101	32	f	\N	\N
102	32	f	\N	\N
62	33	f	\N	\N
58	33	f	\N	\N
59	33	t	2026-04-21 15:47:55.039921	\N
60	33	f	\N	\N
61	33	f	\N	\N
64	33	f	\N	\N
65	33	f	\N	\N
67	33	f	\N	\N
68	33	f	\N	\N
69	33	f	\N	\N
20	33	f	\N	\N
21	33	f	\N	\N
44	33	f	\N	\N
45	33	t	2026-04-21 15:47:55.039921	\N
57	33	f	\N	\N
70	33	f	\N	\N
78	33	f	\N	\N
22	33	t	2026-04-21 15:47:55.039921	\N
24	33	t	2026-04-21 15:47:55.039921	\N
46	33	t	2026-04-21 15:47:55.039921	\N
53	33	f	\N	\N
71	33	t	2026-04-21 15:47:55.039921	\N
54	33	f	\N	\N
51	33	f	\N	\N
50	33	f	\N	\N
49	33	f	\N	\N
48	33	t	2026-04-21 15:47:55.039921	\N
47	33	t	2026-04-21 15:47:55.039921	\N
26	33	t	2026-04-21 15:47:55.039921	\N
25	33	f	\N	\N
23	33	f	\N	\N
19	33	f	\N	\N
77	33	t	2026-04-21 15:47:55.039921	\N
72	33	f	\N	\N
27	33	f	\N	\N
103	33	f	\N	\N
80	33	f	\N	\N
81	33	t	2026-04-21 15:47:55.039921	\N
82	33	f	\N	\N
85	33	f	\N	\N
86	33	f	\N	\N
83	33	f	\N	\N
87	33	f	\N	\N
91	33	t	2026-04-21 15:47:55.039921	\N
92	33	t	2026-04-21 15:47:55.039921	\N
93	33	f	\N	\N
95	33	f	\N	\N
98	33	f	\N	\N
99	33	f	\N	\N
101	33	f	\N	\N
102	33	f	\N	\N
62	34	t	2026-04-21 15:47:55.039921	\N
58	34	f	\N	\N
59	34	t	2026-04-21 15:47:55.039921	\N
60	34	f	\N	\N
61	34	f	\N	\N
64	34	f	\N	\N
65	34	f	\N	\N
67	34	f	\N	\N
68	34	f	\N	\N
69	34	t	2026-04-21 15:47:55.039921	\N
20	34	t	2026-04-21 15:47:55.039921	\N
21	34	t	2026-04-21 15:47:55.039921	\N
44	34	f	\N	\N
45	34	f	\N	\N
57	34	t	2026-04-21 15:47:55.039921	\N
70	34	f	\N	\N
78	34	t	2026-04-21 15:47:55.039921	\N
22	34	f	\N	\N
24	34	f	\N	\N
46	34	f	\N	\N
53	34	f	\N	\N
71	34	t	2026-04-21 15:47:55.039921	\N
54	34	f	\N	\N
51	34	t	2026-04-21 15:47:55.039921	\N
50	34	f	\N	\N
49	34	f	\N	\N
48	34	f	\N	\N
47	34	f	\N	\N
26	34	f	\N	\N
25	34	t	2026-04-21 15:47:55.039921	\N
23	34	f	\N	\N
19	34	f	\N	\N
77	34	f	\N	\N
72	34	f	\N	\N
27	34	f	\N	\N
103	34	f	\N	\N
80	34	f	\N	\N
81	34	f	\N	\N
82	34	f	\N	\N
85	34	f	\N	\N
86	34	f	\N	\N
83	34	f	\N	\N
87	34	f	\N	\N
91	34	f	\N	\N
92	34	f	\N	\N
93	34	t	2026-04-21 15:47:55.039921	\N
95	34	t	2026-04-21 15:47:55.039921	\N
98	34	f	\N	\N
99	34	f	\N	\N
101	34	f	\N	\N
102	34	f	\N	\N
62	35	f	\N	\N
58	35	f	\N	\N
59	35	f	\N	\N
60	35	f	\N	\N
61	35	f	\N	\N
64	35	t	2026-04-21 15:47:55.039921	\N
65	35	t	2026-04-21 15:47:55.039921	\N
67	35	f	\N	\N
68	35	t	2026-04-21 15:47:55.039921	\N
69	35	f	\N	\N
20	35	f	\N	\N
21	35	f	\N	\N
44	35	f	\N	\N
45	35	t	2026-04-21 15:47:55.039921	\N
57	35	t	2026-04-21 15:47:55.039921	\N
70	35	f	\N	\N
78	35	f	\N	\N
22	35	t	2026-04-21 15:47:55.039921	\N
24	35	f	\N	\N
46	35	f	\N	\N
53	35	f	\N	\N
71	35	t	2026-04-21 15:47:55.039921	\N
54	35	t	2026-04-21 15:47:55.039921	\N
51	35	t	2026-04-21 15:47:55.039921	\N
50	35	f	\N	\N
49	35	f	\N	\N
48	35	t	2026-04-21 15:47:55.039921	\N
47	35	f	\N	\N
26	35	f	\N	\N
25	35	t	2026-04-21 15:47:55.039921	\N
23	35	f	\N	\N
19	35	t	2026-04-21 15:47:55.039921	\N
77	35	f	\N	\N
72	35	t	2026-04-21 15:47:55.039921	\N
27	35	t	2026-04-21 15:47:55.039921	\N
103	35	f	\N	\N
80	35	t	2026-04-21 15:47:55.039921	\N
81	35	f	\N	\N
82	35	t	2026-04-21 15:47:55.039921	\N
85	35	t	2026-04-21 15:47:55.039921	\N
86	35	t	2026-04-21 15:47:55.039921	\N
83	35	f	\N	\N
87	35	t	2026-04-21 15:47:55.039921	\N
91	35	f	\N	\N
92	35	f	\N	\N
93	35	f	\N	\N
95	35	t	2026-04-21 15:47:55.039921	\N
98	35	f	\N	\N
99	35	f	\N	\N
101	35	f	\N	\N
102	35	t	2026-04-21 15:47:55.039921	\N
62	36	f	\N	\N
58	36	f	\N	\N
59	36	f	\N	\N
60	36	f	\N	\N
61	36	t	2026-04-21 15:47:55.039921	\N
64	36	f	\N	\N
65	36	f	\N	\N
67	36	f	\N	\N
68	36	f	\N	\N
69	36	t	2026-04-21 15:47:55.039921	\N
20	36	f	\N	\N
21	36	t	2026-04-21 15:47:55.039921	\N
44	36	f	\N	\N
45	36	f	\N	\N
57	36	f	\N	\N
70	36	t	2026-04-21 15:47:55.039921	\N
78	36	f	\N	\N
22	36	t	2026-04-21 15:47:55.039921	\N
24	36	f	\N	\N
46	36	t	2026-04-21 15:47:55.039921	\N
53	36	f	\N	\N
71	36	f	\N	\N
54	36	t	2026-04-21 15:47:55.039921	\N
51	36	f	\N	\N
50	36	f	\N	\N
49	36	f	\N	\N
48	36	f	\N	\N
47	36	t	2026-04-21 15:47:55.039921	\N
26	36	f	\N	\N
25	36	f	\N	\N
23	36	t	2026-04-21 15:47:55.039921	\N
19	36	t	2026-04-21 15:47:55.039921	\N
77	36	f	\N	\N
72	36	t	2026-04-21 15:47:55.039921	\N
27	36	f	\N	\N
103	36	f	\N	\N
80	36	f	\N	\N
81	36	f	\N	\N
82	36	f	\N	\N
85	36	f	\N	\N
86	36	t	2026-04-21 15:47:55.039921	\N
83	36	f	\N	\N
87	36	t	2026-04-21 15:47:55.039921	\N
91	36	t	2026-04-21 15:47:55.039921	\N
92	36	t	2026-04-21 15:47:55.039921	\N
93	36	f	\N	\N
95	36	f	\N	\N
98	36	f	\N	\N
99	36	t	2026-04-21 15:47:55.039921	\N
101	36	f	\N	\N
102	36	f	\N	\N
62	41	f	\N	\N
58	41	t	2026-04-21 15:47:55.039921	\N
59	41	f	\N	\N
60	41	f	\N	\N
61	41	f	\N	\N
64	41	f	\N	\N
65	41	t	2026-04-21 15:47:55.039921	\N
67	41	t	2026-04-21 15:47:55.039921	\N
68	41	f	\N	\N
69	41	t	2026-04-21 15:47:55.039921	\N
20	41	t	2026-04-21 15:47:55.039921	\N
21	41	f	\N	\N
44	41	t	2026-04-21 15:47:55.039921	\N
45	41	f	\N	\N
57	41	f	\N	\N
70	41	t	2026-04-21 15:47:55.039921	\N
78	41	f	\N	\N
22	41	f	\N	\N
24	41	f	\N	\N
46	41	f	\N	\N
53	41	t	2026-04-21 15:47:55.039921	\N
71	41	t	2026-04-21 15:47:55.039921	\N
54	41	t	2026-04-21 15:47:55.039921	\N
51	41	f	\N	\N
50	41	t	2026-04-21 15:47:55.039921	\N
49	41	f	\N	\N
48	41	f	\N	\N
47	41	t	2026-04-21 15:47:55.039921	\N
26	41	f	\N	\N
25	41	t	2026-04-21 15:47:55.039921	\N
23	41	t	2026-04-21 15:47:55.039921	\N
19	41	f	\N	\N
77	41	f	\N	\N
72	41	t	2026-04-21 15:47:55.039921	\N
27	41	f	\N	\N
103	41	f	\N	\N
80	41	f	\N	\N
81	41	f	\N	\N
82	41	f	\N	\N
85	41	f	\N	\N
86	41	f	\N	\N
83	41	f	\N	\N
87	41	f	\N	\N
91	41	f	\N	\N
92	41	f	\N	\N
93	41	f	\N	\N
95	41	f	\N	\N
98	41	f	\N	\N
99	41	t	2026-04-21 15:47:55.039921	\N
101	41	f	\N	\N
102	41	f	\N	\N
62	42	t	2026-04-21 15:47:55.039921	\N
58	42	f	\N	\N
59	42	t	2026-04-21 15:47:55.039921	\N
60	42	f	\N	\N
61	42	t	2026-04-21 15:47:55.039921	\N
64	42	t	2026-04-21 15:47:55.039921	\N
65	42	f	\N	\N
67	42	f	\N	\N
68	42	f	\N	\N
69	42	f	\N	\N
20	42	t	2026-04-21 15:47:55.039921	\N
21	42	t	2026-04-21 15:47:55.039921	\N
44	42	f	\N	\N
45	42	f	\N	\N
57	42	f	\N	\N
70	42	f	\N	\N
78	42	f	\N	\N
22	42	f	\N	\N
24	42	f	\N	\N
46	42	t	2026-04-21 15:47:55.039921	\N
53	42	f	\N	\N
71	42	t	2026-04-21 15:47:55.039921	\N
54	42	f	\N	\N
51	42	f	\N	\N
50	42	t	2026-04-21 15:47:55.039921	\N
49	42	f	\N	\N
48	42	t	2026-04-21 15:47:55.039921	\N
47	42	f	\N	\N
26	42	t	2026-04-21 15:47:55.039921	\N
25	42	f	\N	\N
23	42	f	\N	\N
19	42	f	\N	\N
77	42	t	2026-04-21 15:47:55.039921	\N
72	42	t	2026-04-21 15:47:55.039921	\N
27	42	f	\N	\N
103	42	f	\N	\N
80	42	f	\N	\N
81	42	f	\N	\N
82	42	t	2026-04-21 15:47:55.039921	\N
85	42	f	\N	\N
86	42	f	\N	\N
83	42	f	\N	\N
87	42	f	\N	\N
91	42	t	2026-04-21 15:47:55.039921	\N
92	42	f	\N	\N
93	42	f	\N	\N
95	42	t	2026-04-21 15:47:55.039921	\N
98	42	f	\N	\N
99	42	f	\N	\N
101	42	f	\N	\N
102	42	f	\N	\N
\.


--
-- Data for Name: users; Type: TABLE DATA; Schema: public; Owner: -
--

COPY public.users (id, username, mail, password, rol, "group") FROM stdin;
62	atolelete@gmail.com	433@tec.mx	scrypt:32768:8:1$WErHC0EBZEJ2XRjO$98844f99dda2b68b9a5b578b978d76a661d67cdc58664a556c30a43739fe43be8c62b5d3e685acb244d014ade933178ab172ed75a3cadf24ba9dc0ed3956cd01	professor	\N
58	Atl Torres	a01668629@tec.mx	scrypt:32768:8:1$mS8adJe9GPZi7lm7$b17176ab2081183949dd71f7994dbcf454f7f275dadda742ea59d15670dfb9302e17a013410f49f58c8b5b776a87b96f74b305632871e120aaa3355f1531b506	professor	\N
59	Diego Ortegaaa	a01678393@tec.mx	scrypt:32768:8:1$BoeI5LeETJure2hA$1fb3561f46c5a5a118cb999fb4fa9ea4d950ce69b5c804a15de75a46149569b0597bc6c896af7f87b86ff203f8885bbf512579fb14770a307a917b0be52c22d6	professor	\N
60	skvnefjkferjofejfnhejbfejvbekjfnejkfneok fejknrejfnrejfbrjfberkjvbefjkfnjkefjbfejvenkjf	a0322873@tec.mx	scrypt:32768:8:1$DFw5FA9HkVnUwLt3$ca22eb2226d2f9fdf1439ff6c6db3095a6d738dcb6eee98454ae9e80ee8e57fa4e896fad2bd364a9102f3359679063a8c59995d82c7c6fd8a78732373a21f2cb	professor	\N
61	Atl Andrés	a01668269@tec.mx	scrypt:32768:8:1$p5WfdLpZBfdUCRMf$74d90077afbdc8537ff0d2b162f59cd2d64ce94fd90ee19b397a3ff56408cad2bfad40d2668909ed7e3a7ccfcc369c28ddf2e4dbb571ea46d4eee46c87155371	professor	\N
64	Raul_Perez	Raul_Perez@profesor.com	scrypt:32768:8:1$LTlKRBD3M5SeKQyS$a37034fb294620badfc2ee904b14e70ebf51e76875b07b88002bf89ee1bf9d5a1368ef9b8f4da9ce85b2d04d41b5477b9f00bc5304f2c5280ebeb0c9d2ddd138	professor	\N
65	Sofia	sofia@gmail.com	scrypt:32768:8:1$JG6WzNBNNXmyAIAU$393cb3e21ccbd19bb04b1605dfdeefdf2b9846c63c380b2ce26bcddf277a93bbd9a97bb90c340d84edf31e89c2ad585777e1c60cbea1f9a2b273abba772f6e6a	professor	\N
67	jose	a019@tec.mx	scrypt:32768:8:1$6vflo4yqSBnG5M0P$f40746b1ff304d4959f5fce120a905c1cd7715f27101b107c0b4ab278e147446100ca0379e6e1a0684b9512fb29d8b86fd30c43665553d1bcfb67a12c07d13b4	professor	\N
68	Pedro Gutierrez	a0123456@tec.mx	scrypt:32768:8:1$Bnmrf84sAMCGVWMm$303ed4fda68d47048b34e4ffdbce25bbf311338d75700068558b22c2770f59993d4dd90146f709550464dbc9304b81c1e552b0f64b01ad2673fb7d328a131a18	professor	\N
69	Pedro Gutiérrez	a012345@tec.mx	scrypt:32768:8:1$6M5knNYqpMBoBFS0$d9ecb92b9d4ae3e94fd3edbafc32dac80bb1ba48eea5860b141643be25b0e0d2c53d3bed6a0d29f4a051513c754cee015be13b2486c6837f74590794c4d35cab	professor	\N
20	profe_carlos	carlos.matematicas@secundaria.edu	scrypt:32768:8:1$75Ba46P23ihVgzk0$8bf061ae1601b8783582968e712de9dd6c2e2e2d4e0cfe5d3ce352948fcea78b24819d5300cca61e4679dfcc5fa65e69cdb540fe09c650fe125df8c820e85be7	professor	\N
21	profe_ana	ana.fisica@secundaria.edu	scrypt:32768:8:1$PHd74GXVm4iAGhjh$c39931492433b2fd1cc3628e536601461dd702a14f7abac88686beeb81d8ccadb83c20ca89399cbb4a153c3724461276a4147901022b221d4f7977e8cfbb08e5	professor	\N
44	profe_carlos2	carlos.mat2@secundaria.edu	scrypt:32768:8:1$p2tdp5mXyUgJAaXA$6d664461fb203c7e2c79cff53007d9b5baacb97bc46c2ea06617a3d5384cb3093a52c74bb8e83d1579843dfbfa64b8fd22fefc8c01b3528fce3e8dfde95f5415	professor	\N
45	profe_ana2	ana.fis2@secundaria.edu	scrypt:32768:8:1$zhftorVKJpKf3Mce$c12f3fd0fc0eb608badc4c8de525f7fc872d710e54cbf738799e1121f38f5ed82b1ced921373b3c375518a5c6cfe36ae4c96546077e3c4c7298da58662b697a2	professor	\N
57	profesor1	profe@tec.mx	scrypt:32768:8:1$BnNHmuutlJQKLPTo$e954d6f52dbcf27b653d02413ed13a8345dcd4eaf2c0c4735b1237e63421794083759d206db988aa2b8a497ad8d09dc60ad6c2e114e1f92b3cd0fef9f3b5ec5e	professor	\N
70	Sergio	Sergio@prof.com	scrypt:32768:8:1$bjNKfaTzsnVksrYe$f69e9d00ed55008051aea001c84b7ca66a22fd4f1647f2ce682993a8847f551c7165f7c6fdeb602f9751166786f958f76088a07e582cc49401d4602139f5c29f	professor	\N
78	Leo	leo@gmail.com	scrypt:32768:8:1$lhf3hJqGguwblOJK$70d67b1f8f55706db8b4dcb78dae2810fa95b0a096798679e58ddc14f6721524889c9de514a362eb6424a936c099a5736504fa78bb9e242e227cec62f086f19b	professor	\N
22	juan_perez	juan.perez@alumno.edu	scrypt:32768:8:1$gXdrp66m4XfHmkCc$4675c6f9598ff808f7259cd96f4a932cd06419a1997f7804e03dc5a260f35dd8699ab82ad28f56726384e2945bd99c280170e392f7e178859fb24ac123ec1ee9	student	2
24	pedro_gomez	pedro.gomez@alumno.edu	scrypt:32768:8:1$rYaabG5d4kGIVeaC$e80d225db6c9fb713ff7bfa91db2c9a54d2f80fa07d8299d574c9a0ddbd63093e5b30c92c100a7292f9fdc3ae764864fd956ba4bf2830ba946bc5a67945b2158	student	2
46	juan_perez2	juan.p2@alumno.edu	scrypt:32768:8:1$JpztfQ8dgQW9pjTH$53ac0b0644e94c2b0a73acfbd9d98dbd1a4b31c33572ba8562892c1df7db36b5c55d8bfcac6c678e88346d38f51a256034ed55780b91a6e0f59debe47f1f2215	student	1
53	marbe	marbe@test.com	scrypt:32768:8:1$SvrISKDm4A0MnXSi$1f6f087a2e7bb1f0b0340e342e74ad51f48771707a9932f4facf6345edd9722ef90cc1fbad92e52cbd1c0b6f784dce9d4409050e30c3c2b30da9fb7d101234f9	student	2
71	Sara	sarah@tec.mx	scrypt:32768:8:1$7RRI18xzrbMan9x8$b5b5906b55451689ba09cd85fb2a0b90dca21b181a9cd604d10a34762f61ecc4a71e0b06cb7f579a73cffe345edb438ad9a818d82bea1daeb7e129387c2b43eb	estudiante	1
54	sofi	sofi@test.com	scrypt:32768:8:1$SOVBoBpjngZz9gkS$62837f6e23e24cdbb7324065a3df40334d2cdfe95a7cce6baa62c80a12f5bc574f59091504976d7dbef0d106e5518f049bc91b15b48b5f49406db3101dc993f8	student	1
51	sofia_castro2	sofia.c2@alumno.edu	scrypt:32768:8:1$UDOPI5k7EZYVNWM4$b62c381b36d432db8c4153e5aeef7696ea52f82e094e3cc7fa6a57ac954ff01e7f97f22b4e65c56a95633693b76a9ca80fa618d12bd16938823f27b30fbc0896	student	2
50	mateo_ruiz2	mateo.r2@alumno.edu	scrypt:32768:8:1$FNC3RqJocwB0A6D3$a6be489177514945efd37421daca1b6b40734edbbf940240d5678582516059616a1ebbe470396932cf9bd78f2d90aea7db1e229dcff951c78961dd9bbd6f2ad1	student	1
49	lucia_fernandez2	lucia.f2@alumno.edu	scrypt:32768:8:1$yRqGX7YrLon09Jd9$fb716f98b8d53561599faee90f0b0c3a7a293db6d25a00e9205653484fcf547e81f5cbb8c27fb09572218a7d81b041280670d514633fd129690481cc39ca0176	student	2
48	pedro_gomez2	pedro.g2@alumno.edu	scrypt:32768:8:1$6OPCbAmK5tcPxsjW$c71910e62ff80c0042a2b87dd8ea061e0caa0a9af752f37f57c3dc386e1240eb5f51a42f4ca2376ff08fae7ee3e1fc46b14256876675d34c5950d5e4b32aa8f2	student	2
47	maria_lopez2	maria.l2@alumno.edu	scrypt:32768:8:1$YyFd9reCpQnCib0W$61974dcc91fb28df130de706a0c035ad634418426a97d0fc56cabef6b81e2a41a7f99ee12be5068889d2deb38ae375cd98d0cbcd0f3a32e9e08c9583d9b431a5	student	1
26	mateo_ruiz	mateo.ruiz@alumno.edu	scrypt:32768:8:1$MJQwU4rx07XPNDec$5d5071a555775a0f2221c2e08ca25df53f50474896e677aa3fcb6d23e7c2517118178e1206ac5b2ad78f34c2a5d283f8b55d6025ed4ae723971109afe29f629d	student	2
25	lucia_fernandez	lucia.f@alumno.edu	scrypt:32768:8:1$ASwViwT6WkBiHO8a$b112e3d17168fdf83229c031081dbae54224323d748205c335f8ea1cb214c2b5ec25424a49db0c2ee7b38ddade10a447f0eba799454dc45a7393ef361ea9d700	student	1
23	maria_lopez	maria.lopez@alumno.edu	scrypt:32768:8:1$zdjwNcp8uTHYy0MJ$b77200da215a7a4631dc3ce0161e4f80dc5bad5cc4c6d7a6dcf327e5f1ea02f345c785ab701407ff74a88e91487d3b23f6ec767ff5287992f492e5a31a2f6495	student	1
19	testfinal1	testfinal@example.com	scrypt:32768:8:1$izKbUAfQW061tkWa$a1f37fb90fa61eef21895908ec01ebd11c7d0d7f04d83ca59b1ed1c08ae2c465d582ed32a3854cf40af6f49427f5e346e22a4778705dc0d136e44d1d3571636a	student	1
77	Daniel	dani@gmail.com	scrypt:32768:8:1$g0GAaOaj6Fgv64Eh$4b730d1a2fdce4c50266f9ce338ed7e9a2806fc96986e2b9a1903d6c63d0382a3abd7452b48d842b96046600f5f22965b0be202eaec1e913ce3c1d6cf104369f	estudiante	2
72	sebastian 	seb@gmail.com	scrypt:32768:8:1$NtfhEEEBYDZkA4PO$c2a2f8d67e081410a1925014859e33443a37c1e68e5eeb07b62088927459278f105319dc5b000ee89c3e014965b2da5d0196b5b46091e90159bd75509b7b6aab	estudiante	2
27	sofia_castro	sofia.castro@alumno.edu	scrypt:32768:8:1$TzyC7OvkakZKbPKL$9cb84a8380e9d187d0a4854d5830663808cf191c5387b51b0723129737624781b6be5205c6113d8f48a6442e1fcc06b43b9f7c67c6686b1c56771def2a1d9ba0	student	1
103	sergio	serg@gmail	scrypt:32768:8:1$EhQztf9sjqiqJGPL$92e0ee3f6d7761eed64a1be314e4e55c11d3a027d39c8d297c73a78f9cd633ecd7acdf43c93f76fa340bbca888010712225d4cde212f857e9abb1c0bf94b4820	professor	\N
80	armando	a01669283@tec.mx	scrypt:32768:8:1$WaQDbSXRuQPT9mf0$44fbdd15971273fd6c22c27be893992dc48a37f677ffb3e8f2c8f3841466bf92ac1694490e40aad0f25c80ba3962f60cd73315dbbeeeefee449fe08d4ca49140	estudiante	1
81	Leo	leo@tec.cem	scrypt:32768:8:1$IVUhNOgyPJHRxDfY$bfdcc064435dea545478103d83fd3efbbe0f89ade7fe170c89ee54d9f8c0ea39990676b5953b4ab6f8fc80af987dd2a568dd743cb6edb20f906d400e4be98db4	professor	\N
82	maestro_charles	charles@tec.mx	scrypt:32768:8:1$dVgtKzFRciAkKZeT$57a18ad73bdf1348369c42c62bb71320448d6096e2ae05fc27f3b7817af7dcf5787b98c2ef9a7f17b461ae965223446ea399a03605ac767bbf4fa11abdcb7b2d	professor	\N
85	Sofia	sof@gmail.com	scrypt:32768:8:1$wtkJvVYisK4XnJmB$33de1e931b5b6898eca092297ac311c8c85948c5236b3c01e5658d02930a959ad80fbcff56ccca74aaf5b679beec1089464dc8f73659a167e32bb8383198e57d	estudiante	1
86	profe_armando	arm_profe@tec.mx	scrypt:32768:8:1$L5FyjMvuHQFfsY07$b42689b5af7070307bdd72b160d0cf84133dc5460dd3c265afb5559f430bbe0143d04684246ad61c6f0962186aa1dca2076706e48b9016c48a99ac1ae651ce67	professor	\N
83	carlos30	carloos30@tec.mx	scrypt:32768:8:1$moIx93wZV5y2BVR9$8fab64ec73b889f8895d6a9f5cac25c15816a6c5a6783cbcfa58c0bd5f26033b3016876d94a0dc2f24d306e8632e2e89b9c832695c80292599d6ed4b5e410a4b	estudiante	3
87	Jorge	jorge@gmail.com	scrypt:32768:8:1$o04NTSlbTOspiGqO$0f7539cb0ce6410e0d6ad2cce0ccf0f7f30ab28e948df496108b4b35dd2b5474605450867c3a73ac5096ab00033fe2f1a5f50cc4bdf2587410eb718ffd44ec75	estudiante	3
91	alumno1	admin12@tec.mx	scrypt:32768:8:1$hc4g9ASznRkMB6DJ$bb0117c609e860d9e81b15cf1f2e37e7e790e2f383dceebbe9e2d131d332dc12bef11c413dfd90ffc643fb92d86c5f8b48d9a48eb70323221904a2fdddd3bbb9	estudiante	1
92	testuser1	test1@tec.mx	scrypt:32768:8:1$bzQe1DFsoFThsjrf$1c08d496fdbe08ca8e67b160e6de3359207934e26174cf38609c3e82da55f1a076ea08f0809c83116f1689b92c7a3fcd389aaed8f62d7bcbec9951f667dda38c	estudiante	1
93	hola	miguelgardunom@gmail.com	scrypt:32768:8:1$wQ0U9w1RUzChdYWi$e506d062d9b9aedfc7f0322e737f53de3e39c6b50667fed13f61d4db2902df2deda9b1b25cd2d434a908f8acd5a6c63acadc2a88f4a678ba3401df1fc470604f	professor	\N
95	panchito	miguelgardunoman@gmail.com	scrypt:32768:8:1$Y7uAfmtvm570c96s$891fca6459cc022183455c8c634d02c485e7775f11a41bd611956e64789ed36b3805767855637a1d1bca75c24c126cda1f768ad7023d560e4dda54a7393fa29d	professor	\N
98	Sergio	sergio@tec.mx	scrypt:32768:8:1$TeDo8yrJ4T8ccEP9$1f711824e099341f6d98cd31ab539590c461d3ea2c350cce940066f45b74ed452dbbc2e8ee95813e018886126db6d04a25b182534e4d41d45790e5f224e2d365	professor	\N
99	leo	leo@tec.mx	scrypt:32768:8:1$Lf43kRd9EkRQUOc7$893dd1b2c0f28e9fff0001f296774fc268df6b5b39bae2c19460aeaa64a6c5fcad9a30bee6400e224cb10d33209b07c39b973d2ad5e2464534705f0ad8274705	professor	\N
101	a01668481@tec.mx	a01668481@tec.mx	scrypt:32768:8:1$6kOF9MXGh1lSr77Z$6a2fd7bee5ea30177d35e44d7a72c2eca07ac3bc5da92d526112701a2764faed65e8c95add667c4fe30ce44f7817f5ccf867b56ff04ba4be73342e96201a448e	professor	\N
102	Rogelio	rogelio13@tec.mx	scrypt:32768:8:1$mDoesX9LR44G1Awo$82d7f82a1ed1123e4449880f22a6a57afbb6b5e28ffb7ef333eb3fcdff01becdd1f029a8f77c5bb6d32f79ded2ce7ef34cee35f0cd542d0f4c0b317eacf7d06a	estudiante	1
104	Marbe	marbe@tec.mx	scrypt:32768:8:1$SwC83FnZ5SLEAEnA$1b3d3ece7035acd61edff35b9c96ecec86b0728abf93ecc2acd6538adc0ed5f535f3a6fafaeb9af393aeb211eaee1f69cdc70b23e5e0085f9030e7af2f04ea76	professor	\N
105	Mar	mar@tec.mx	scrypt:32768:8:1$QwgES9BQSMeiAprB$8253280d03c3e9ad695b1745f4f8d620ae8e632921059463720da9dd5037732fafc0ca44479d5dfe86c1b064b7d2ac035c8c51fc0fef5ab4e76f69f79641cd12	estudiante	1
1	test	test@tec.mx	1234	\N	\N
107	Marbella	Marbe@tec.mx	scrypt:32768:8:1$JvSBzIm6YcwuG401$1b8622cebd6e0543562a55c4095aa294c3b6cb302cb97da8748004f6c455550955846b53fe5c0d144db4cec93db56bb7a5bd37aa13108df662f44da290ae120c	professor	\N
108	Mars	123@tec.mx	scrypt:32768:8:1$cHw2k8KPLrJVgX3b$4a8bcf1059787a8ee3abbf7df7dc111708a5b355f1117334eb829150326a8792eedfcb04ed1b8d785d29d58032df03056a09ff719996e14be7e8a1e992ed154a	professor	\N
\.


--
-- Name: achievements_id_seq; Type: SEQUENCE SET; Schema: public; Owner: -
--

SELECT pg_catalog.setval('public.achievements_id_seq', 42, true);


--
-- Name: game_sessions_id_seq; Type: SEQUENCE SET; Schema: public; Owner: -
--

SELECT pg_catalog.setval('public.game_sessions_id_seq', 68, true);


--
-- Name: groups_id_seq; Type: SEQUENCE SET; Schema: public; Owner: -
--

SELECT pg_catalog.setval('public.groups_id_seq', 1, false);


--
-- Name: levels_id_seq; Type: SEQUENCE SET; Schema: public; Owner: -
--

SELECT pg_catalog.setval('public.levels_id_seq', 19, true);


--
-- Name: users_id_seq; Type: SEQUENCE SET; Schema: public; Owner: -
--

SELECT pg_catalog.setval('public.users_id_seq', 108, true);


--
-- Name: achievements achievements_pkey; Type: CONSTRAINT; Schema: public; Owner: -
--

ALTER TABLE ONLY public.achievements
    ADD CONSTRAINT achievements_pkey PRIMARY KEY (id);


--
-- Name: game_sessions game_sessions_pkey; Type: CONSTRAINT; Schema: public; Owner: -
--

ALTER TABLE ONLY public.game_sessions
    ADD CONSTRAINT game_sessions_pkey PRIMARY KEY (id);


--
-- Name: groups groups_pkey; Type: CONSTRAINT; Schema: public; Owner: -
--

ALTER TABLE ONLY public.groups
    ADD CONSTRAINT groups_pkey PRIMARY KEY (id);


--
-- Name: levels levels_pkey; Type: CONSTRAINT; Schema: public; Owner: -
--

ALTER TABLE ONLY public.levels
    ADD CONSTRAINT levels_pkey PRIMARY KEY (id);


--
-- Name: user_achievements user_achievements_pkey; Type: CONSTRAINT; Schema: public; Owner: -
--

ALTER TABLE ONLY public.user_achievements
    ADD CONSTRAINT user_achievements_pkey PRIMARY KEY (user_id, achievement_id);


--
-- Name: users users_mail_key; Type: CONSTRAINT; Schema: public; Owner: -
--

ALTER TABLE ONLY public.users
    ADD CONSTRAINT users_mail_key UNIQUE (mail);


--
-- Name: users users_pkey; Type: CONSTRAINT; Schema: public; Owner: -
--

ALTER TABLE ONLY public.users
    ADD CONSTRAINT users_pkey PRIMARY KEY (id);


--
-- Name: user_achievements trigger_set_unlocked_date; Type: TRIGGER; Schema: public; Owner: -
--

CREATE TRIGGER trigger_set_unlocked_date BEFORE INSERT OR UPDATE ON public.user_achievements FOR EACH ROW EXECUTE FUNCTION public.set_unlocked_date();


--
-- Name: game_sessions game_sessions_level_id_fkey; Type: FK CONSTRAINT; Schema: public; Owner: -
--

ALTER TABLE ONLY public.game_sessions
    ADD CONSTRAINT game_sessions_level_id_fkey FOREIGN KEY (level_id) REFERENCES public.levels(id) ON DELETE CASCADE;


--
-- Name: game_sessions game_sessions_user_id_fkey; Type: FK CONSTRAINT; Schema: public; Owner: -
--

ALTER TABLE ONLY public.game_sessions
    ADD CONSTRAINT game_sessions_user_id_fkey FOREIGN KEY (user_id) REFERENCES public.users(id) ON DELETE CASCADE;


--
-- Name: groups groups_teacher_id_fkey; Type: FK CONSTRAINT; Schema: public; Owner: -
--

ALTER TABLE ONLY public.groups
    ADD CONSTRAINT groups_teacher_id_fkey FOREIGN KEY (teacher_id) REFERENCES public.users(id);


--
-- Name: user_achievements user_achievements_achievement_id_fkey; Type: FK CONSTRAINT; Schema: public; Owner: -
--

ALTER TABLE ONLY public.user_achievements
    ADD CONSTRAINT user_achievements_achievement_id_fkey FOREIGN KEY (achievement_id) REFERENCES public.achievements(id) ON DELETE CASCADE;


--
-- Name: user_achievements user_achievements_user_id_fkey; Type: FK CONSTRAINT; Schema: public; Owner: -
--

ALTER TABLE ONLY public.user_achievements
    ADD CONSTRAINT user_achievements_user_id_fkey FOREIGN KEY (user_id) REFERENCES public.users(id) ON DELETE CASCADE;


--
-- Name: users users_group_fkey; Type: FK CONSTRAINT; Schema: public; Owner: -
--

ALTER TABLE ONLY public.users
    ADD CONSTRAINT users_group_fkey FOREIGN KEY ("group") REFERENCES public.groups(id);


--
-- Name: SCHEMA public; Type: ACL; Schema: -; Owner: -
--

GRANT USAGE ON SCHEMA public TO postgres;
GRANT USAGE ON SCHEMA public TO anon;
GRANT USAGE ON SCHEMA public TO authenticated;
GRANT USAGE ON SCHEMA public TO service_role;


--
-- Name: FUNCTION set_unlocked_date(); Type: ACL; Schema: public; Owner: -
--

GRANT ALL ON FUNCTION public.set_unlocked_date() TO anon;
GRANT ALL ON FUNCTION public.set_unlocked_date() TO authenticated;
GRANT ALL ON FUNCTION public.set_unlocked_date() TO service_role;


--
-- Name: TABLE achievements; Type: ACL; Schema: public; Owner: -
--

GRANT ALL ON TABLE public.achievements TO anon;
GRANT ALL ON TABLE public.achievements TO authenticated;
GRANT ALL ON TABLE public.achievements TO service_role;


--
-- Name: SEQUENCE achievements_id_seq; Type: ACL; Schema: public; Owner: -
--

GRANT ALL ON SEQUENCE public.achievements_id_seq TO anon;
GRANT ALL ON SEQUENCE public.achievements_id_seq TO authenticated;
GRANT ALL ON SEQUENCE public.achievements_id_seq TO service_role;


--
-- Name: TABLE game_sessions; Type: ACL; Schema: public; Owner: -
--

GRANT ALL ON TABLE public.game_sessions TO anon;
GRANT ALL ON TABLE public.game_sessions TO authenticated;
GRANT ALL ON TABLE public.game_sessions TO service_role;


--
-- Name: SEQUENCE game_sessions_id_seq; Type: ACL; Schema: public; Owner: -
--

GRANT ALL ON SEQUENCE public.game_sessions_id_seq TO anon;
GRANT ALL ON SEQUENCE public.game_sessions_id_seq TO authenticated;
GRANT ALL ON SEQUENCE public.game_sessions_id_seq TO service_role;


--
-- Name: TABLE groups; Type: ACL; Schema: public; Owner: -
--

GRANT ALL ON TABLE public.groups TO anon;
GRANT ALL ON TABLE public.groups TO authenticated;
GRANT ALL ON TABLE public.groups TO service_role;


--
-- Name: SEQUENCE groups_id_seq; Type: ACL; Schema: public; Owner: -
--

GRANT ALL ON SEQUENCE public.groups_id_seq TO anon;
GRANT ALL ON SEQUENCE public.groups_id_seq TO authenticated;
GRANT ALL ON SEQUENCE public.groups_id_seq TO service_role;


--
-- Name: TABLE levels; Type: ACL; Schema: public; Owner: -
--

GRANT ALL ON TABLE public.levels TO anon;
GRANT ALL ON TABLE public.levels TO authenticated;
GRANT ALL ON TABLE public.levels TO service_role;


--
-- Name: SEQUENCE levels_id_seq; Type: ACL; Schema: public; Owner: -
--

GRANT ALL ON SEQUENCE public.levels_id_seq TO anon;
GRANT ALL ON SEQUENCE public.levels_id_seq TO authenticated;
GRANT ALL ON SEQUENCE public.levels_id_seq TO service_role;


--
-- Name: TABLE user_achievements; Type: ACL; Schema: public; Owner: -
--

GRANT ALL ON TABLE public.user_achievements TO anon;
GRANT ALL ON TABLE public.user_achievements TO authenticated;
GRANT ALL ON TABLE public.user_achievements TO service_role;


--
-- Name: TABLE users; Type: ACL; Schema: public; Owner: -
--

GRANT ALL ON TABLE public.users TO anon;
GRANT ALL ON TABLE public.users TO authenticated;
GRANT ALL ON TABLE public.users TO service_role;


--
-- Name: SEQUENCE users_id_seq; Type: ACL; Schema: public; Owner: -
--

GRANT ALL ON SEQUENCE public.users_id_seq TO anon;
GRANT ALL ON SEQUENCE public.users_id_seq TO authenticated;
GRANT ALL ON SEQUENCE public.users_id_seq TO service_role;


--
-- Name: DEFAULT PRIVILEGES FOR SEQUENCES; Type: DEFAULT ACL; Schema: public; Owner: -
--

ALTER DEFAULT PRIVILEGES FOR ROLE postgres IN SCHEMA public GRANT ALL ON SEQUENCES TO postgres;
ALTER DEFAULT PRIVILEGES FOR ROLE postgres IN SCHEMA public GRANT ALL ON SEQUENCES TO anon;
ALTER DEFAULT PRIVILEGES FOR ROLE postgres IN SCHEMA public GRANT ALL ON SEQUENCES TO authenticated;
ALTER DEFAULT PRIVILEGES FOR ROLE postgres IN SCHEMA public GRANT ALL ON SEQUENCES TO service_role;


--
-- Name: DEFAULT PRIVILEGES FOR SEQUENCES; Type: DEFAULT ACL; Schema: public; Owner: -
--

ALTER DEFAULT PRIVILEGES FOR ROLE supabase_admin IN SCHEMA public GRANT ALL ON SEQUENCES TO postgres;
ALTER DEFAULT PRIVILEGES FOR ROLE supabase_admin IN SCHEMA public GRANT ALL ON SEQUENCES TO anon;
ALTER DEFAULT PRIVILEGES FOR ROLE supabase_admin IN SCHEMA public GRANT ALL ON SEQUENCES TO authenticated;
ALTER DEFAULT PRIVILEGES FOR ROLE supabase_admin IN SCHEMA public GRANT ALL ON SEQUENCES TO service_role;


--
-- Name: DEFAULT PRIVILEGES FOR FUNCTIONS; Type: DEFAULT ACL; Schema: public; Owner: -
--

ALTER DEFAULT PRIVILEGES FOR ROLE postgres IN SCHEMA public GRANT ALL ON FUNCTIONS TO postgres;
ALTER DEFAULT PRIVILEGES FOR ROLE postgres IN SCHEMA public GRANT ALL ON FUNCTIONS TO anon;
ALTER DEFAULT PRIVILEGES FOR ROLE postgres IN SCHEMA public GRANT ALL ON FUNCTIONS TO authenticated;
ALTER DEFAULT PRIVILEGES FOR ROLE postgres IN SCHEMA public GRANT ALL ON FUNCTIONS TO service_role;


--
-- Name: DEFAULT PRIVILEGES FOR FUNCTIONS; Type: DEFAULT ACL; Schema: public; Owner: -
--

ALTER DEFAULT PRIVILEGES FOR ROLE supabase_admin IN SCHEMA public GRANT ALL ON FUNCTIONS TO postgres;
ALTER DEFAULT PRIVILEGES FOR ROLE supabase_admin IN SCHEMA public GRANT ALL ON FUNCTIONS TO anon;
ALTER DEFAULT PRIVILEGES FOR ROLE supabase_admin IN SCHEMA public GRANT ALL ON FUNCTIONS TO authenticated;
ALTER DEFAULT PRIVILEGES FOR ROLE supabase_admin IN SCHEMA public GRANT ALL ON FUNCTIONS TO service_role;


--
-- Name: DEFAULT PRIVILEGES FOR TABLES; Type: DEFAULT ACL; Schema: public; Owner: -
--

ALTER DEFAULT PRIVILEGES FOR ROLE postgres IN SCHEMA public GRANT ALL ON TABLES TO postgres;
ALTER DEFAULT PRIVILEGES FOR ROLE postgres IN SCHEMA public GRANT ALL ON TABLES TO anon;
ALTER DEFAULT PRIVILEGES FOR ROLE postgres IN SCHEMA public GRANT ALL ON TABLES TO authenticated;
ALTER DEFAULT PRIVILEGES FOR ROLE postgres IN SCHEMA public GRANT ALL ON TABLES TO service_role;


--
-- Name: DEFAULT PRIVILEGES FOR TABLES; Type: DEFAULT ACL; Schema: public; Owner: -
--

ALTER DEFAULT PRIVILEGES FOR ROLE supabase_admin IN SCHEMA public GRANT ALL ON TABLES TO postgres;
ALTER DEFAULT PRIVILEGES FOR ROLE supabase_admin IN SCHEMA public GRANT ALL ON TABLES TO anon;
ALTER DEFAULT PRIVILEGES FOR ROLE supabase_admin IN SCHEMA public GRANT ALL ON TABLES TO authenticated;
ALTER DEFAULT PRIVILEGES FOR ROLE supabase_admin IN SCHEMA public GRANT ALL ON TABLES TO service_role;


--
-- PostgreSQL database dump complete
--

\unrestrict rp8yuMhCbfZiIXH0XcVCbkwLzncZ5KYWLyhvuL18DdnPbFSfNHL3eZrUbWPuFq9

